<?xml version = "1.0" encoding = "UTF-8" standalone = "yes"?><Scene><Entity><Name>Camera</Name><Tag></Tag><Transform><Position>-1.238524 2.675797 5.511173</Position><Scale>1.000000 1.000000 1.000000</Scale><Rotation>0.621730 0.621730 0.621730</Rotation></Transform></Entity><Entity><Name>Cube</Name><Tag></Tag><Transform><Position>-2.000000 0.000000 0.000000</Position><Scale>1.000000 1.000000 1.000000</Scale><Rotation>0.000000 0.000000 0.000000</Rotation></Transform><Renderer><Diffuse></Diffuse></Renderer><Renderer><Mesh><Directory></Directory></Mesh></Renderer></Entity><Entity><Name>Cube2</Name><Tag></Tag><Transform><Position>2.448846 0.000000 -0.240174</Position><Scale>1.000000 1.000000 1.000000</Scale><Rotation>0.000000 0.000000 0.000000</Rotation></Transform><Renderer><Diffuse></Diffuse></Renderer><Renderer><Mesh><Directory></Directory></Mesh></Renderer></Entity></Scene>