<?xml 
  version="1.0"
  encoding="UTF-8"
  standalone="yes"
?>
<Scene>

<Entity>
<Name>Skybox</Name>
<Skybox></Skybox>
<Transform>
<Position><Y>10</Y></Position>
<Scale><X>300</X><Y>300</Y><Z>300</Z></Scale>
</Transform>
</Entity>

<Entity>
<Name>Robot</Name>
<Transform>
<Position><X>-100</X> <Y>5</Y> <Z>30</Z></Position>
<Rotation><Y>180</Y></Rotation>
</Transform>
<BoxCollider>
<Position><Y>-1.3</Y></Position>
<Scale><X>3</X><Y>8</Y><Z>2</Z></Scale>
</BoxCollider>
<RigidBody>
<Mass>50</Mass>
</RigidBody>

<Audio><File>ptato Theme.wav</File><Loop></Loop></Audio>
<Audio><File>bleep.wav</File></Audio>
<PlayAudio>0</PlayAudio>

<Children>
<Entity>
<Name>Torso</Name>
<Scale><X>1.5</X><Y>3.5</Y><Z>1.5</Z></Scale>
<Renderer></Renderer>
</Entity>

<Entity>
<Name>Head</Name>
<Position><Y>2.25</Y></Position>
<Renderer></Renderer>
</Entity>

<Entity>
<Name>Left Arm</Name>
<Renderer></Renderer>
<Animated></Animated>
<Transform>
<Position><X>-1</X><Y>-0.25</Y></Position>
<Scale><X>0.5</X><Y>3.25</Y><Z>0.5</Z></Scale>
</Transform>
</Entity>


<Entity>
<Name>Right Arm</Name>
<Renderer></Renderer>
<Animated></Animated>
<Transform>
<Position><X>1</X><Y>-0.25</Y></Position>
<Scale><X>0.5</X><Y>3.25</Y><Z>0.5</Z></Scale>
</Transform>
</Entity>

<Entity>
<Name>Left Leg</Name>
<Renderer></Renderer>
<Animated></Animated>
<Transform>
<Position><X>0.35</X><Y>-3.5</Y></Position>
<Scale><X>0.6</X><Y>3.5</Y><Z>0.6</Z></Scale>
</Transform>
</Entity>


<Entity>
<Name>Right Leg</Name>
<Renderer></Renderer>
<Animated></Animated>
<Transform>
<Position><X>-0.35</X><Y>-3.5</Y></Position>
<Scale><X>0.6</X><Y>3.5</Y><Z>0.6</Z></Scale>
</Transform>
</Entity>



</Children>
</Entity>


<Entity>
<Name>Plane</Name>
<Transform>
<Scale><X>30</X><Y>30</Y><Z>30</Z></Scale>
</Transform>
<Mesh>Plane</Mesh>
<Renderer>
<Diffuse>Concrete</Diffuse>
</Renderer>
<BoxCollider>
<Mesh>Default</Mesh>
<Scale><X>10000</X><Y>0.5</Y><Z>1000</Z></Scale>
</BoxCollider>
<RigidBody>
<Kinematic>True</Kinematic>
</RigidBody>
</Entity>


<Entity>
<Name>Cube</Cube>
<Transform>
<Position><X>-100</X><Y>10</Y><Z>60</Z></Position>
<Scale><X>10</X><Y>10</Y><Z>10</Z></Scale>
</Transform>
<Mesh>Cube</Mesh>
<Renderer>
<Diffuse>cobblesDiffuse</Diffuse>
<Specular>cobblesSpecular</Specular>
<Normal>cobblesNormal</Normal>
<Depth>cobblesDepth</Depth>
</Renderer>
<BoxCollider>
<Mesh>Default</Mesh>
<Scale><X>10</X><Y>10</Y><Z>10</Z></Scale>
</BoxCollider>
<RigidBody>
<Kinematic>True</Kinematic>
</RigidBody>
</Entity>


<Entity>
<Name>Gateway_horizontal</Name>
<Transform>
<Position><Y>63</Y></Position>
<Scale><X>5</X><Y>5</Y><Z>5</Z></Scale>
</Transform>
<Mesh>Gateway_horizontal</Mesh>
<Renderer>
<Diffuse>Gateway</Diffuse>
</Renderer>
<RigidBody>
<Kinematic>True</Kinematic>
</RigidBody>
<BoxCollider></BoxCollider>
</Entity>

<Entity>
<Name>Gateway_vertical</Name>
<Transform>
<Position><Y>63</Y></Position>
<Scale><X>5</X><Y>5</Y><Z>5</Z></Scale>
</Transform>
<Mesh>Gateway_vertical</Mesh>
<Renderer>
<Diffuse>Gateway</Diffuse>
</Renderer>
<RigidBody>
<Kinematic>True</Kinematic>
</RigidBody>
<BoxCollider></BoxCollider>
</Entity>


<Entity>
<Name>Pavement_Gateway_left</Name>
<Transform>
<Position><X>-66</X><Z>-50.5</Z></Position>
<Scale><X>8</X><Y>0.5</Y><Z>280</Z></Scale>
<BoxCollider><Scale><X>8</X><Y>1.5</Y><Z>280</Z></Scale></BoxCollider>
<Renderer><Diffuse>Concrete</Diffuse></Renderer>
<Rigidbody><Kinematic>True</Kinematic></Rigidbody>
</Entity>



<Scene>