<?xml 
  version="1.0"
  encoding="UTF-8"
  standalone="yes"
?>
<Scene>
  <Lighting>
    <Fog>
      <Density>0.006</Density> 
      <Colour>0.5 0.5 0.5</Colour>
    </Fog>
    <Light>
      <Ambient>0.6 0.6 0.6</Ambient>
      <Specular>0.8 0.8 0.8</Specular>
      <Position>0 300 200</Position>
    </Light>
  </Lighting>
  
	<Entity>
		<Name>Camera</Name>
		
		<Component>
			<Transform>
				<Rotation>140</Rotation>
			</Transform>
			<Camera></Camera>
		</Component>
	</Entity>

	<Entity>
		<Name>Skybox</Name>
		<Component>
			<Transform>
				<Position>0 0 10</Position>
				<Scale>300 300 300</Scale>
			</Transform>
			<Skybox></Skybox>
		</Component>
	</Entity>

	<Entity>
		<Name>Robot</Name>
		<Component>
			<Transform>
				<Position>-100 5 30</Position>
				<Rotation>0 180 0</Rotation>
			</Transform>

			<BoxCollider>
				<Position>0 -1.3 0</Position>
				<Scale>3 8 2</Scale>
			</BoxCollider>

			<RigidBody>
				<Mass>50</Mass>
			</RigidBody>

			<Audio>
				<Music>
					<Directory>ptato Theme.wav</Directory>
					<Loop>true</Loop>
				</Music>
				
				<Sound>
					<Directory>bleep.wav</Directory>
					<Loop>false</Loop>
				</Sound>
			</Audio>
		</Component>
		
		<Entity>
			<Name>PlayerIdle</Name>
			<Component>
				<Transform>
          <Position>0.0 -5.35 0.0</Position>
					<Scale>0.25 0.25 0.25</Scale>
				</Transform>
				
				<AnimatedRenderer>
					<Mesh>PlayerIdle</Mesh>
					<Texture>Player</Texture>
				</AnimatedRenderer>
				
				<BoxCollider>
					<Mesh>Default</Mesh>
				</BoxCollider>
				
				<RigidBody>
					<Kinematic>true</Kinematic>
				</RigidBody>
			</Component>
		</Entity>
		
		<Entity>
			<Name>PlayerWalk</Name>
			<Component>
				<Transform>
          <Position>0.0 -5.35 0.0</Position>
					<Scale>0.25 0.25 0.25</Scale>
				</Transform>
				
				<AnimatedRenderer>
					<Mesh>PlayerWalk</Mesh>
					<Texture>Player</Texture>
					<Active>false</Active>
				</AnimatedRenderer>
				
				<BoxCollider>
					<Mesh>Default</Mesh>
				</BoxCollider>
				
				<RigidBody>
					<Kinematic>true</Kinematic>
				</RigidBody>
			</Component>
		</Entity>
		
		<Entity>
			<Name>PlayerJump</Name>
			<Component>
				<Transform>
          <Position>0.0 -5.35 0.0</Position>
					<Scale>0.25 0.25 0.25</Scale>
				</Transform>
				
				<AnimatedRenderer>
					<Mesh>PlayerJump</Mesh>
					<Texture>Player</Texture>
					<Active>false</Active>
				</AnimatedRenderer>
				
				<BoxCollider>
					<Mesh>Default</Mesh>
				</BoxCollider>
				
				<RigidBody>
					<Kinematic>true</Kinematic>
				</RigidBody>
			</Component>
		</Entity>
	</Entity>
	
	<Entity>
		<Name>Enemy</Name>
		<Component>
			<Transform>
				<Position>-100 5 30</Position>
				<Rotation>0 180 0</Rotation>
			</Transform>

			<BoxCollider>
				<Position>0 -1.3 0</Position>
				<Scale>3 8 2</Scale>
			</BoxCollider>

			<RigidBody>
				<Mass>50</Mass>
			</RigidBody>

			<Audio>
				<Music>
					<Directory>ptato Theme.wav</Directory>
					<Loop>true</Loop>
				</Music>
				
				<Sound>
					<Directory>bleep.wav</Directory>
					<Loop>false</Loop>
				</Sound>
			</Audio>
			
			<AI>
				<MovementBehaviour>Wander</MovementBehaviour>
				<DetectionBehaviour>Aggressive</DetectionBehaviour>
				<MoveSpeed>0.1</MoveSpeed>
				<DetectionRange>50</DetectionRange>
				
				<WanderWaitTimes>3 5</WanderWaitTimes>
				
				<PatrolPath>
					<Node>0 0 0</Node>
					<Node>0 0 10</Node>
					<Node>10 0 10</Node>
				</PatrolPath>
				
				<WanderArea>
					<Position>80 0 80</Position>
					<Size>20 0 20</Size>
				</WanderArea>
			</AI>
		</Component>

		<Entity>
			<Name>Torso</Name>
			<Component>
				<Transform>
					<Position>0 0 0</Position>
					<Scale>1.5 3.5 1.5</Scale>
				</Transform>
				<Mesh>
					<Directory>Cube</Directory>
				</Mesh>
				<Renderer></Renderer>
			</Component>
		</Entity>

		<Entity>
			<Name>Head</Name>
			<Component>
				<Transform>
					<Position>0 2.25 0</Position>
				</Transform>
				<Mesh>
					<Directory>Cube</Directory>
				</Mesh>
				<Renderer></Renderer>
			</Component>
		</Entity>

		<Entity>
			<Name>Left Arm</Name>
			<Component>
				<Transform>
					<Position>-1 -0.25 0</Position>
					<Scale>0.5 3.25 0.5</Scale>
				</Transform>
				<Mesh>
					<Directory>Cube</Directory>
				</Mesh>
				<Renderer></Renderer>
				<Animator></Animator>
			</Component>
		</Entity>

		<Entity>
			<Name>Right Arm</Name>
			<Component>
				<Transform>
					<Position>1 -0.25 0</Position>
					<Scale>0.5 3.25 0.5</Scale>
				</Transform>
				<Mesh>
					<Directory>Cube</Directory>
				</Mesh>
				<Renderer></Renderer>
				<Animator>
					<InvertMove>true</InvertMove>
				</Animator>
			</Component>
		</Entity>

		<Entity>
			<Name>Left Leg</Name>
			<Component>
				<Transform>
					<Position>0.35 -3.5 0</Position>
					<Scale>0.6 3.5 0.6</Scale>
				</Transform>
				<Mesh>
					<Directory>Cube</Directory>
				</Mesh>
				<Renderer></Renderer>
				<Animator></Animator>
			</Component>
		</Entity>

		<Entity>
			<Name>Right Leg</Name>
			<Component>
				<Transform>
					<Position>-0.35 -3.5 0</Position>
					<Scale>0.6 3.5 0.6</Scale>
				</Transform>
				<Mesh>
					<Directory>Cube</Directory>
				</Mesh>
				<Renderer></Renderer>
				<Animator>
					<InvertMove>true</InvertMove>
				</Animator>
			</Component>
		</Entity>
	</Entity>
	
	<Entity>
		<Name>Plane</Name>
		<Component>
			<Transform>
				<Position>0 0 0</Position>
				<Scale>30 30 30</Scale>
			</Transform>

			<Mesh>
				<Directory>Plane</Directory>
			</Mesh>

			<Renderer>
				<Texture>
					<Diffuse>Concrete</Diffuse>
				</Texture>
			</Renderer>

			<BoxCollider>
				<Mesh>
					<Directory>Default</Directory>
				</Mesh>
				<Scale>10 10 10</Scale>
			</BoxCollider>

			<RigidBody>
				<Kinematic>true</Kinematic>
			</RigidBody>
		</Component>
	</Entity>

	<Entity>
		<Name>Cube</Name>
		<Component>
			<Transform>
				<Position>-100 10 60</Position>
				<Scale>10 10 10</Scale>
			</Transform>

			<Mesh>
				<Directory>Cube</Directory>
			</Mesh>

			<Renderer>
				<Texture>
					<Diffuse>cobblesDiffuse</Diffuse>
					<Depth>cobblesDepth</Depth>
					<Normal>cobblesNormal</Normal>
					<Specular>cobblesSpecular</Specular>
				</Texture>
			</Renderer>

			<BoxCollider>
				<Mesh>
					<Directory>Default</Directory>
				</Mesh>
				<Scale>10 10 10</Scale>
			</BoxCollider>

			<RigidBody>
				<Kinematic>true</Kinematic>
			</RigidBody>
		</Component>
	</Entity>

	<Entity>
		<Name>Gateway_horizontal</Name>
		<Component>
			<Transform>
				<Position>0 63 0</Position>
				<Scale>5 5 5</Scale>
			</Transform>

			<Mesh>
				<Directory>Gateway_horizontal</Directory>
			</Mesh>

			<Renderer>
				<Texture>
					<Diffuse>Gateway</Diffuse>
					<Use>true</Use>
				</Texture>
			</Renderer>

			<BoxCollider></BoxCollider>

			<RigidBody>
				<Kinematic>true</Kinematic>
			</RigidBody>
		</Component>
	</Entity>

	<Entity>
		<Name>Gateway_vertical</Name>
		<Component>
			<Transform>
				<Position>0 63 0</Position>
				<Scale>5 5 5</Scale>
			</Transform>

			<Mesh>
				<Directory>Gateway_vertical</Directory>
			</Mesh>

			<Renderer>
				<Texture>
					<Diffuse>Gateway</Diffuse>
					<Use>true</Use>
				</Texture>
			</Renderer>

			<BoxCollider></BoxCollider>

			<RigidBody>
				<Kinematic>true</Kinematic>
			</RigidBody>
		</Component>
	</Entity>

	<Entity>
		<Name>Pavement_Gateway_left</Name>
		<Component>
			<Transform>
				<Position>-66 0 -50.5</Position>
				<Scale>8 0.5 280</Scale>
			</Transform>

			<Mesh>
				<Directory>Cube</Directory>
			</Mesh>

			<Renderer>
				<Texture>
					<Diffuse>Concrete</Diffuse>
					<Use>true</Use>
				</Texture>
			</Renderer>

			<BoxCollider>
				<Scale> 8 1.5 280</Scale>
			</BoxCollider>

			<RigidBody>
				<Kinematic>true</Kinematic>
			</RigidBody>
		</Component>
	</Entity>

	<Entity>
		<Name>Pavement_Gateway_front</Name>
		<Component>
			<Transform>
				<Position>70 0 94.5</Position>
				<Scale>280 0.5 8</Scale>
			</Transform>

			<Mesh>
				<Directory>Cube</Directory>
			</Mesh>

			<Renderer>
				<Texture>
					<Diffuse>Concrete</Diffuse>
					<Use>true</Use>
				</Texture>
			</Renderer>

			<BoxCollider>
				<Scale> 280 1.5 10</Scale>
			</BoxCollider>

			<RigidBody>
				<Kinematic>true</Kinematic>
			</RigidBody>
		</Component>
	</Entity>

	<Entity>
		<Name>DSU_front</Name>
		<Component>
			<Transform>
				<Position>-150 0 84.5</Position>
				<Scale>100 0.5 8</Scale>
			</Transform>

			<Mesh>
				<Directory>Cube</Directory>
			</Mesh>

			<Renderer>
				<Texture>
					<Diffuse>Concrete</Diffuse>
					<Use>true</Use>
				</Texture>
			</Renderer>

			<BoxCollider>
				<Scale> 280 1.5 10</Scale>
			</BoxCollider>

			<RigidBody>
				<Kinematic>true</Kinematic>
			</RigidBody>
		</Component>
	</Entity>

	<Entity>
		<Name>DSU_right</Name>
		<Component>
			<Transform>
				<Position>-104 0 -50.5</Position>
				<Scale>8 0.5 280</Scale>
			</Transform>

			<Mesh>
				<Directory>Cube</Directory>
			</Mesh>

			<Renderer>
				<Texture>
					<Diffuse>Concrete</Diffuse>
					<Use>true</Use>
				</Texture>
			</Renderer>

			<BoxCollider>
				<Scale> 8 1.5 280</Scale>
			</BoxCollider>

			<RigidBody>
				<Kinematic>true</Kinematic>
			</RigidBody>
		</Component>
	</Entity>

	<Entity>
		<Name>Pavement_Eric_wood</Name>
		<Component>
			<Transform>
				<Position>0 0 125</Position>
				<Scale>400 0.5 8</Scale>
			</Transform>

			<Mesh>
				<Directory>Cube</Directory>
			</Mesh>

			<Renderer>
				<Texture>
					<Diffuse>Concrete</Diffuse>
					<Use>true</Use>
				</Texture>
			</Renderer>

			<BoxCollider>
				<Scale>400 1.5 10</Scale>
			</BoxCollider>

			<RigidBody>
				<Kinematic>true</Kinematic>
			</RigidBody>
		</Component>
	</Entity>

	<Entity>
		<Name>Eric_wood_front</Name>
		<Component>
			<Transform>
				<Position>-110 6.25 150</Position>
				<Scale>25 25 25</Scale>
				<Rotation>0 180 0</Rotation>
			</Transform>

			<Mesh>
				<Directory>Eric_wood_front</Directory>
			</Mesh>

			<Renderer>
				<Texture>
					<Diffuse>Eric_wood</Diffuse>
					<Use>true</Use>
				</Texture>
			</Renderer>

			<BoxCollider></BoxCollider>

			<RigidBody>
				<Kinematic>true</Kinematic>
			</RigidBody>
		</Component>
	</Entity>

	<Entity>
		<Name>Eric_wood_mid_front</Name>
		<Component>
			<Transform>
				<Position>-110 12.75 159</Position>
				<Scale>25 25 25</Scale>
				<Rotation>0 180 0</Rotation>
			</Transform>

			<Mesh>
				<Directory>Eric_wood_mid_front</Directory>
			</Mesh>

			<Renderer>
				<Texture>
					<Diffuse>Eric_wood</Diffuse>
					<Use>true</Use>
				</Texture>
			</Renderer>

			<BoxCollider></BoxCollider>

			<RigidBody>
				<Kinematic>true</Kinematic>
			</RigidBody>
		</Component>
	</Entity>

	<Entity>
		<Name>Eric_wood_middle</Name>
		<Component>
			<Transform>
				<Position>-112 19.25 170</Position>
				<Scale>25 25 25</Scale>
				<Rotation>0 180 0</Rotation>
			</Transform>

			<Mesh>
				<Directory>Eric_wood_middle</Directory>
			</Mesh>

			<Renderer>
				<Texture>
					<Diffuse>Eric_wood</Diffuse>
					<Use>true</Use>
				</Texture>
			</Renderer>

			<BoxCollider></BoxCollider>

			<RigidBody>
				<Kinematic>true</Kinematic>
			</RigidBody>
		</Component>
	</Entity>

	<Entity>
		<Name>Eric_wood_mid_back</Name>
		<Component>
			<Transform>
				<Position>-110 19.25 187.25</Position>
				<Scale>25 25 25</Scale>
				<Rotation>0 180 0</Rotation>
			</Transform>

			<Mesh>
				<Directory>Eric_wood_mid_back</Directory>
			</Mesh>

			<Renderer>
				<Texture>
					<Diffuse>Eric_wood</Diffuse>
					<Use>true</Use>
				</Texture>
			</Renderer>

			<BoxCollider></BoxCollider>

			<RigidBody>
				<Kinematic>true</Kinematic>
			</RigidBody>
		</Component>
	</Entity>

	<Entity>
		<Name>Eric_wood_back</Name>
		<Component>
			<Transform>
				<Position>-105 19.25 210.5</Position>
				<Scale>25 25 25</Scale>
				<Rotation>0 180 0</Rotation>
			</Transform>

			<Mesh>
				<Directory>Eric_wood_back</Directory>
			</Mesh>

			<Renderer>
				<Texture>
					<Diffuse>Eric_wood</Diffuse>
					<Use>true</Use>
				</Texture>
			</Renderer>

			<BoxCollider></BoxCollider>

			<RigidBody>
				<Kinematic>true</Kinematic>
			</RigidBody>
		</Component>
	</Entity>

	<Entity>
		<Name>Platform1</Name>
		<Component>
			<Transform>
				<Position>-40 17 60</Position>
				<Scale>4 1 4</Scale>
			</Transform>

			<Mesh>
				<Directory>Platform</Directory>
			</Mesh>

			<Renderer>
				<Texture>
					<Diffuse>Default</Diffuse>
					<Use>true</Use>
				</Texture>
			</Renderer>

			<BoxCollider></BoxCollider>

			<RigidBody>
				<Kinematic>true</Kinematic>
			</RigidBody>
		</Component>
	</Entity>

	<Entity>
		<Name>Platform2</Name>
		<Tag>VerticalPlatform</Tag>
		<Component>
			<Transform>
				<Position>-40 6 80</Position>
				<Scale>4 1 4</Scale>
			</Transform>

			<Mesh>
				<Directory>Platform</Directory>
			</Mesh>

			<Renderer>
				<Texture>
					<Diffuse>Default</Diffuse>
					<Use>true</Use>
				</Texture>
			</Renderer>

			<BoxCollider></BoxCollider>

			<RigidBody>
				<Kinematic>true</Kinematic>
			</RigidBody>
		</Component>
	</Entity>

	<Entity>
		<Name>Platform3</Name>
		<Tag>VerticalPlatform</Tag>
		<Component>
			<Transform>
				<Position>-55 17 60</Position>
				<Scale>4 1 4</Scale>
			</Transform>

			<Mesh>
				<Directory>Platform</Directory>
			</Mesh>

			<Renderer>
				<Texture>
					<Diffuse>Default</Diffuse>
					<Use>true</Use>
				</Texture>
			</Renderer>

			<BoxCollider></BoxCollider>

			<RigidBody>
				<Kinematic>true</Kinematic>
			</RigidBody>
		</Component>
	</Entity>

	<Entity>
		<Name>Platform4</Name>
		<Component>
			<Transform>
				<Position>-40 33 60</Position>
				<Scale>4 1 4</Scale>
			</Transform>

			<Mesh>
				<Directory>Platform</Directory>
			</Mesh>

			<Renderer>
				<Texture>
					<Diffuse>Default</Diffuse>
					<Use>true</Use>
				</Texture>
			</Renderer>

			<BoxCollider></BoxCollider>

			<RigidBody>
				<Kinematic>true</Kinematic>
			</RigidBody>
		</Component>
	</Entity>

	<Entity>
		<Name>Platform5</Name>
		<Component>
			<Transform>
				<Position>-35 37 45</Position>
				<Scale>4 1 4</Scale>
			</Transform>

			<Mesh>
				<Directory>Platform</Directory>
			</Mesh>

			<Renderer>
				<Texture>
					<Diffuse>Default</Diffuse>
					<Use>true</Use>
				</Texture>
			</Renderer>

			<BoxCollider></BoxCollider>

			<RigidBody>
				<Mass>5</Mass>
				<Kinematic>true</Kinematic>
			</RigidBody>
		</Component>
	</Entity>

	<Entity>
		<Name>Platform6</Name>
		<Component>
			<Transform>
				<Position>-30 36 45</Position>
				<Scale>4 1 4</Scale>
			</Transform>

			<Mesh>
				<Directory>Platform</Directory>
			</Mesh>

			<Renderer>
				<Texture>
					<Diffuse>Default</Diffuse>
					<Use>true</Use>
				</Texture>
			</Renderer>

			<BoxCollider></BoxCollider>

			<RigidBody>
				<Mass>5</Mass>
				<Kinematic>true</Kinematic>
			</RigidBody>
		</Component>
	</Entity>

	<Entity>
		<Name>Platform7</Name>
		<Component>
			<Transform>
				<Position>-27 35 55</Position>
				<Scale>4 1 4</Scale>
			</Transform>

			<Mesh>
				<Directory>Platform</Directory>
			</Mesh>

			<Renderer>
				<Texture>
					<Diffuse>Default</Diffuse>
					<Use>true</Use>
				</Texture>
			</Renderer>

			<BoxCollider></BoxCollider>

			<RigidBody>
				<Kinematic>true</Kinematic>
			</RigidBody>
		</Component>
	</Entity>

	<Entity>
		<Name>Platform8</Name>
		<Component>
			<Transform>
				<Position>-20 35 45</Position>
				<Scale>4 1 4</Scale>
			</Transform>

			<Mesh>
				<Directory>Platform</Directory>
			</Mesh>

			<Renderer>
				<Texture>
					<Diffuse>Default</Diffuse>
					<Use>true</Use>
				</Texture>
			</Renderer>

			<BoxCollider></BoxCollider>

			<RigidBody>
				<Kinematic>true</Kinematic>
			</RigidBody>
		</Component>
	</Entity>

	<Entity>
		<Name>Platform9</Name>
		<Component>
			<Transform>
				<Position>-50 6 150</Position>
				<Scale>4 1 4</Scale>
			</Transform>

			<Mesh>
				<Directory>Platform</Directory>
			</Mesh>

			<Renderer>
				<Texture>
					<Diffuse>Default</Diffuse>
					<Use>true</Use>
				</Texture>
			</Renderer>

			<BoxCollider></BoxCollider>

			<RigidBody>
				<Kinematic>true</Kinematic>
			</RigidBody>
		</Component>
	</Entity>

	<Entity>
		<Name>Platform10</Name>
		<Tag>VerticalPlatform</Tag>
		<Component>
			<Transform>
				<Position>-173 9 150</Position>
				<Scale>4 1 4</Scale>
			</Transform>

			<Mesh>
				<Directory>Platform</Directory>
			</Mesh>

			<Renderer>
				<Texture>
					<Diffuse>Default</Diffuse>
					<Use>true</Use>
				</Texture>
			</Renderer>

			<BoxCollider></BoxCollider>

			<RigidBody>
				<Kinematic>true</Kinematic>
			</RigidBody>
		</Component>
	</Entity>

	<Entity>
		<Name>Platform11</Name>
		<Tag>VerticalPlatform</Tag>
		<Component>
			<Transform>
				<Position>-25 14 160</Position>
				<Scale>4 1 4</Scale>
			</Transform>

			<Mesh>
				<Directory>Platform</Directory>
			</Mesh>

			<Renderer>
				<Texture>
					<Diffuse>Default</Diffuse>
					<Use>true</Use>
				</Texture>
			</Renderer>

			<BoxCollider></BoxCollider>

			<RigidBody>
				<Kinematic>true</Kinematic>
			</RigidBody>
		</Component>
	</Entity>

	<Entity>
		<Name>Platform12</Name>
		
		<Component>
			<Transform>
				<Position>-20 16 175</Position>
				<Scale>4 1 4</Scale>
			</Transform>

			<Mesh>
				<Directory>Platform</Directory>
			</Mesh>

			<Renderer>
				<Texture>
					<Diffuse>Default</Diffuse>
					<Use>true</Use>
				</Texture>
			</Renderer>

			<BoxCollider></BoxCollider>

			<RigidBody>
				<Kinematic>true</Kinematic>
			</RigidBody>
		</Component>
	</Entity>

	<Entity>
		<Name>Platform13</Name>
		
		<Component>
			<Transform>
				<Position>80 0 80</Position>
				<Scale>4 1 4</Scale>
			</Transform>

			<Mesh>
				<Directory>Platform</Directory>
			</Mesh>

			<Renderer>
				<Texture>
					<Diffuse>Default</Diffuse>
					<Use>true</Use>
				</Texture>
			</Renderer>

			<BoxCollider></BoxCollider>

			<RigidBody>
				<Kinematic>true</Kinematic>
			</RigidBody>
			
			<AI>
				<MovementBehaviour>Patrol</MovementBehaviour>
				<DetectionBehaviour>None</DetectionBehaviour>
				<MoveSpeed>0.1</MoveSpeed>
				<DetectionRange>50</DetectionRange>
				
				<PatrolPath>
					<Node>80 0 80</Node>
					<Node>120 10 80</Node>
					<Node>80 20 80</Node>
					<Node>80 10 120</Node>
				</PatrolPath>
				
				<disableRotate>true</disableRotate>
			</AI>
		</Component>
	</Entity>

	<Entity>
		<Name>Platform14</Name>
		<Tag>VerticalPlatform</Tag>
		<Component>
			<Transform>
				<Position>-17 18 195</Position>
				<Scale>4 1 4</Scale>
			</Transform>

			<Mesh>
				<Directory>Platform</Directory>
			</Mesh>

			<Renderer>
				<Texture>
					<Diffuse>Default</Diffuse>
					<Use>true</Use>
				</Texture>
			</Renderer>

			<BoxCollider></BoxCollider>

			<RigidBody>
				<Kinematic>true</Kinematic>
			</RigidBody>
		</Component>
	</Entity>

	<Entity>
		<Name>Notebook_gateway</Name>
		<Component>
			<Transform>
				<Position>-20 44 45</Position>
				<Scale>2 2 2</Scale>
			</Transform>

			<Mesh>
				<Directory>Notebook</Directory>
			</Mesh>

			<Renderer>
				<Texture>
					<Diffuse>Notebook</Diffuse>
				</Texture>
			</Renderer>

			<BoxCollider></BoxCollider>

			<RigidBody>
				<Kinematic>true</Kinematic>
			</RigidBody>
		</Component>
	</Entity>

	<Entity>
		<Name>Notebook_eric</Name>
		<Component>
			<Transform>
				<Position>-100 47 180</Position>
				<Scale>2 2 2</Scale>
			</Transform>

			<Mesh>
				<Directory>Notebook</Directory>
			</Mesh>

			<Renderer>
				<Texture>
					<Diffuse>Notebook</Diffuse>
				</Texture>
			</Renderer>

			<BoxCollider></BoxCollider>

			<RigidBody>
				<Kinematic>true</Kinematic>
			</RigidBody>
		</Component>
	</Entity>

	<Entity>
		<Name>Textbox</Name>
		<Component>
			<Transform>
				<Position>0 -0.5 0</Position>
				<Scale>0.9 0.25 1</Scale>
			</Transform>
			<Textbox></Textbox>
		</Component>
	</Entity>

	<Entity>
		<Name>zText</Name>
		<Component>
			<Transform>
				<Position>0 -0.35 0</Position>
				<Scale>0.8 1.2 1</Scale>
			</Transform>
			<TextRenderer>
				<String>Welcome to De Montfort University! You can explore the university controlling this robot. You can find more information about the buildings you visit by finding notebooks near them. Just touch them and you'll get some facts! No, unfortunately there's no information about these notebooks'... floatiness.                                                                  Press enter to continue.</String>
				<Color>1 1 1</Color>
			</TextRenderer>
		</Component>
	</Entity>

</Scene>
