<?xml 
  version="1.0"
  encoding="UTF-8"
  standalone="yes"
?>

<Scene>
  	<Lighting>
		<Fog>
			<Density>0.006</Density> 
			<Colour>0.5 0.5 0.5</Colour>
		</Fog>
		<Light>
			<Ambient>0.6 0.6 0.6</Ambient>
			<Specular>0.8 0.8 0.8</Specular>
			<Position>0 300 200</Position>
		</Light>
	</Lighting>

	<Entity>
		<Name>Camera</Name>
		<Component>
			<Transform>
				<Rotation>140</Rotation>
			</Transform>
			<Camera></Camera>
		</Component>
	</Entity>
	
	<Entity>
		<Name>Skybox</Name>
		<Component>
			<Transform>
				<Position>0 0 10</Position>
				<Scale>500 500 500</Scale>
			</Transform>
			<Skybox></Skybox>
		</Component>
	</Entity>
	
	<Entity>
		<Name>Robot</Name>
    <Tag>Robot</Tag>
		<Component>
      <Variables>
      <HP>D100.0</HP>
      <Dead>BFalse</Dead>
      <LowHP>BFalse</LowHP>
      <Coins>L0</Coins>
      <Won>BFalse</Won>
      </Variables>
      
      <VariableReader>
      <HP>Double</HP>
      <Dead>Bool</Dead>
      <LowHP>Bool</LowHP>
      <Coins>Long</Coins>
      <Won>Bool</Won>
      </VariableReader>
			
      <Transform>
				<Position>-55 231 80</Position>
				<Rotation>0 180 0</Rotation>
			</Transform>

			<BoxCollider>
				<Position>0 -1.3 0</Position>
				<Scale>3 8 2</Scale>
			</BoxCollider>

      <LuaScript>
        <File>robotValues</File>
      </LuaScript>

      <RigidBody>
        <Mass>50</Mass>
        <GroundedTrigger>
        <EffectFilter>
            <Allow>Enemy</Allow>
            <Effect>
              <EffectChain>
                <!-- make enemy disappear -->
                <Effect>
                  <EffectKey>
                    <TargetActive>false</TargetActive>
                    <Renderer>true</Renderer>
                    <Collider>true</Collider>
                    <AndChildren/>
                  </EffectKey>
                </Effect>


              <Effect>
                <EffectConst>
                <Target>Robot</Target>
                  <Effect>
                    <EffectArith>
                      <VarInput>HP</VarInput>
                      <Result>HP</Result>
                      <Value>D30.0</Value>
                      <Op>DoubleAdd</Op>                      
                    </EffectArith>
                  </Effect>                
                </EffectConst>
                </Effect>
              </EffectChain>
            </Effect>
        </EffectFilter>
        </GroundedTrigger>
      
        <CollisionTrigger><EffectChain>
        <!--On collision-->
          
          
          <!-- DAMAGE PLAYER ON ENEMY -->
          <Effect><EffectFilter>
          <Allow>Enemy</Allow>
          <!--If the thing being collided with has tag Enemy-->
          <Effect><EffectConst>
            <Target>Robot</Target>
            <Effect><EffectDelay>
            <Delay>0.4</Delay>
            <Immediate/>
            <!-- Delay the following effect by 0.4 (seconds? whatever dt is) - this is used as a cooldown -->
              <Effect><EffectChain>
              <!--perform multiple effects-->
                  <Effect><EffectArith>
                      <VarInput>HP</VarInput>
                      <Result>HP</Result>
                      <Value>D10.0</Value>
                      <Op>DoubleSub</Op>
                    <!-- double HP = (double) HP - (double) 10.0 -->
                  </EffectArith></Effect>  
                  <Effect><EffectArith>
                    <VarInput>HP</VarInput>
                    <Result>Dead</Result>
                    <Value>D0.0</Value>
                    <Op>DoubleLT</Op>
                    <!-- bool Dead = (double) HP < (double) 0.0 -->
                  </EffectArith></Effect>
                  <Effect><EffectArith>
                    <VarInput>HP</VarInput>
                    <Result>LowHP</Result>
                    <Value>D50.0</Value>
                    <Op>DoubleLT</Op>
                    <!-- bool LowHP = (double) HP < (double) 40.0 -->
                  </EffectArith></Effect>
                  <Effect><EffectLog>
                    <HP/>
                    <Dead/>
                    <Coins/>
                  </EffectLog></Effect>
              </EffectChain></Effect>
            </EffectDelay>
            </Effect>
          </EffectConst></Effect>
          </EffectFilter></Effect>
          <!-- DAMAGE PLAYER ON ENEMY -->
          
          <!-- PLAYER TOUCH COIN1 COLLECTABLE -->
          <Effect>
            <EffectFilter>
            <Allow>Coin1</Allow>
            <Effect>
            <EffectChain>

                <!-- make the coin disappear -->
                <Effect><EffectKey>
                  <TargetActive>false</TargetActive>	<!-- disable 	  -->
                  <Collider>true</Collider> 		<!-- the collider -->
                  <Renderer>true</Renderer>		<!-- and renderer -->
                  <AndChildren/>
                </EffectKey></Effect>

              <Effect>
              <EffectConst>
              <Target>Robot</Target>
              <Effect><EffectChain>
                
                <Effect><EffectArith>
                  <VarInput>Coins</VarInput> <!-- the variable that is received as input -->
                  <Result>Coins</Result>     <!-- where to write the result              -->
                  <Value>L20</Value>         <!-- the value to use (L = long/int)        -->
                  <Op>LongAdd</Op>           <!-- the operation to perform               -->
                </EffectArith></Effect>

                <Effect>
                  <EffectAudio>
                    <Play>3</Play>
                  </EffectAudio>
                </Effect>

                <!-- display the new coin value -->
                <Effect><EffectLog>
                  <Coins/>
                </EffectLog></Effect>
              </EffectChain></Effect>                
              </EffectConst>
              </Effect>

            </EffectChain></Effect>
            </EffectFilter>
            </Effect>
            <!-- PLAYER TOUCH COIN1 COLLECTABLE -->

          <!-- PLAYER TOUCH COIN2 COLLECTABLE -->
          <Effect>
            <EffectFilter>
              <Allow>Coin2</Allow>
              <Effect>
                <EffectChain>

                  <!-- make the coin disappear -->
                  <Effect>
                    <EffectKey>
                      <TargetActive>false</TargetActive>
                      <!-- disable 	  -->
                      <Collider>true</Collider>
                      <!-- the collider -->
                      <Renderer>true</Renderer>
                      <!-- and renderer -->
                      <AndChildren/>
                    </EffectKey>
                  </Effect>

                  <Effect>
                    <EffectConst>
                      <Target>Robot</Target>
                      <Effect>
                        <EffectChain>

                          <Effect>
                            <EffectArith>
                              <VarInput>Coins</VarInput>
                              <!-- the variable that is received as input -->
                              <Result>Coins</Result>
                              <!-- where to write the result              -->
                              <Value>L50</Value>
                              <!-- the value to use (L = long/int)        -->
                              <Op>LongAdd</Op>
                              <!-- the operation to perform               -->
                            </EffectArith>
                          </Effect>

                          <Effect>
                            <EffectAudio>
                              <Play>3</Play>
                            </EffectAudio>
                          </Effect>

                          <!-- display the new coin value -->
                          <Effect>
                            <EffectLog>
                              <Coins/>
                            </EffectLog>
                          </Effect>
                        </EffectChain>
                      </Effect>
                    </EffectConst>
                  </Effect>

                </EffectChain>
              </Effect>
            </EffectFilter>
          </Effect>
          <!-- PLAYER TOUCH COIN2 COLLECTABLE -->

          <!-- PLAYER TOUCH COIN3 COLLECTABLE -->
          <Effect>
            <EffectFilter>
              <Allow>Coin3</Allow>
              <Effect>
                <EffectChain>

                  <!-- make the coin disappear -->
                  <Effect>
                    <EffectKey>
                      <TargetActive>false</TargetActive>
                      <!-- disable 	  -->
                      <Collider>true</Collider>
                      <!-- the collider -->
                      <Renderer>true</Renderer>
                      <!-- and renderer -->
                      <AndChildren/>
                    </EffectKey>
                  </Effect>

                  <Effect>
                    <EffectConst>
                      <Target>Robot</Target>
                      <Effect>
                        <EffectChain>

                          <Effect>
                            <EffectArith>
                              <VarInput>Coins</VarInput>
                              <!-- the variable that is received as input -->
                              <Result>Coins</Result>
                              <!-- where to write the result              -->
                              <Value>L100</Value>
                              <!-- the value to use (L = long/int)        -->
                              <Op>LongAdd</Op>
                              <!-- the operation to perform               -->
                            </EffectArith>
                          </Effect>

                          <Effect>
                            <EffectAudio>
                              <Play>3</Play>
                            </EffectAudio>
                          </Effect>

                          <!-- display the new coin value -->
                          <Effect>
                            <EffectLog>
                              <Coins/>
                            </EffectLog>
                          </Effect>
                        </EffectChain>
                      </Effect>
                    </EffectConst>
                  </Effect>

                </EffectChain>
              </Effect>
            </EffectFilter>
          </Effect>
          <!-- PLAYER TOUCH COIN3 COLLECTABLE -->
            
          </EffectChain>
          </CollisionTrigger>




			</RigidBody>

			<Audio>
				<Music>
					<Directory>Main Theme 2.wav</Directory>
					<Loop>true</Loop>
				</Music>
				
				<Sound>
					<Directory>Jump1.wav</Directory>
					<Loop>false</Loop>
				</Sound>

        <Sound>
          <Directory>Death1.wav</Directory>
          <Loop>false</Loop>
        </Sound>

        <Sound>
          <Directory>Pickup1.wav</Directory>
          <Loop>false</Loop>
        </Sound>
			</Audio>
		</Component>
		
		<Entity>
			<Name>PlayerIdle</Name>
			<Component>
				<Transform>
					<Position>0.0 -5.35 0.0</Position>
					<Scale>0.25 0.25 0.25</Scale>
				</Transform>
				
				<AnimatedRenderer>
					<Mesh>PlayerIdle</Mesh>
					<Texture>Player</Texture>
				</AnimatedRenderer>
				
				<BoxCollider>
					<Mesh>Default</Mesh>
				</BoxCollider>
				
				<RigidBody>
					<Kinematic>true</Kinematic>
				</RigidBody>
			</Component>
		</Entity>
		
		<Entity>
			<Name>PlayerWalk</Name>
			<Component>
				<Transform>
          <Position>0.0 -5.35 0.0</Position>
					<Scale>0.25 0.25 0.25</Scale>
				</Transform>
				
				<AnimatedRenderer>
					<Mesh>PlayerWalk</Mesh>
					<Texture>Player</Texture>
					<Active>false</Active>
				</AnimatedRenderer>
				
				<BoxCollider>
					<Mesh>Default</Mesh>
				</BoxCollider>
				
				<RigidBody>
					<Kinematic>true</Kinematic>
				</RigidBody>
			</Component>
		</Entity>
		
		<Entity>
			<Name>PlayerJump</Name>
			<Component>
				<Transform>
          <Position>0.0 -5.35 0.0</Position>
					<Scale>0.25 0.25 0.25</Scale>
				</Transform>
				
				<AnimatedRenderer>
					<Mesh>PlayerJump</Mesh>
					<Texture>Player</Texture>
					<Active>false</Active>
				</AnimatedRenderer>
				
				<BoxCollider>
					<Mesh>Default</Mesh>
				</BoxCollider>
				
				<RigidBody>
					<Kinematic>true</Kinematic>
				</RigidBody>
			</Component>
		</Entity>

		<Entity>
			<Name>PlayerSprint</Name>
			<Component>
				<Transform>
          		<Position>0.0 -5.35 0.0</Position>
					<Scale>0.25 0.25 0.25</Scale>
				</Transform>
				
				<AnimatedRenderer>
					<Mesh>PlayerSprint</Mesh>
					<Texture>Player</Texture>
					<Active>false</Active>
				</AnimatedRenderer>
				
				<BoxCollider>
					<Mesh>Default</Mesh>
				</BoxCollider>
				
				<RigidBody>
					<Kinematic>true</Kinematic>
				</RigidBody>
			</Component>
		</Entity>

    <Entity>
      <Name>PlayerDeath</Name>
      <Component>
        <Transform>
          <Position>0.0 -5.35 0.0</Position>
          <Scale>0.25 0.25 0.25</Scale>
        </Transform>

        <AnimatedRenderer>
          <Mesh>PlayerDeath</Mesh>
          <Texture>Player</Texture>
          <Active>false</Active>
        </AnimatedRenderer>

        <BoxCollider>
          <Mesh>Default</Mesh>
        </BoxCollider>

        <RigidBody>
          <Kinematic>true</Kinematic>
        </RigidBody>
      </Component>
    </Entity>
	</Entity>
	
  <Entity>
    <Name>Textbox</Name>
    <Component>
      <Transform>
        <Scale>0.3 0.1 1.0</Scale>
        <Position>-0.4 -0.8 1.0</Position>
      </Transform>

      <TextBox>
<!--      <Enabled>False</Enabled> -->
      </TextBox>
    </Component>
    
      <Entity>
      <Name>Text</Name>
      <Component>
        <TextRenderer>
<!--         <Enabled>False</Enabled> -->
          <String>| HP = :: || Coins = :: |</String>
          <Colour>1 1 1</Colour>
          <Insertion>
            <From>0</From>
            <To>8</To>
            <Target>Robot</Target>
            <Variable>HP</Variable>
            <Limit>3</Limit>
          </Insertion>        
          <Insertion>
            <From>8</From>
            <To>22</To>
            <Target>Robot</Target>
            <Variable>Coins</Variable>
            <Limit>4</Limit>
          </Insertion>        
        </TextRenderer>
        <Transform>
          <Scale>4.0 20 1.0</Scale>
          <Position>3 -0.45 0</Position>
        </Transform>
      </Component>
    </Entity>
  </Entity>
  
  <Entity>
  <Name>TextWon</Name>
  <Component>
    <TextRenderer>
      <String>You won!</String>
      <Colour>1 1 1</Colour>
      <Enabled>False</Enabled>
    </TextRenderer>
    <Transform>
      <Scale>8.0 20 1.0</Scale>
      <Position>7.25 -0.4 0</Position>
    </Transform>
  </Component>
</Entity>

  <UpdateTrigger>
    <EffectConst>
      <Target>Robot</Target>
      <Effect><EffectIf>
          <Condition>Won</Condition>
          <True>
            <EffectConst>
            <Target>TextWon</Target>
            <Effect>
              <EffectKey>
              <TargetActive>True</TargetActive>
              <Text>True</Text>
              </EffectKey>
            </Effect>
            </EffectConst>
        </True>
      </EffectIf></Effect>
    </EffectConst>
  </UpdateTrigger>
  
	<Entity>
		<Name>Plane</Name>
		<Component>
			<Transform>
				<Position>0 0 0</Position>
				<Scale>30 30 30</Scale>
			</Transform>

			<Mesh>
				<Directory>Plane</Directory>
			</Mesh>

			<Renderer>
				<Texture>
					<Diffuse>Floor</Diffuse>
				</Texture>
			</Renderer>

			<BoxCollider>
				<Mesh>
					<Directory>Default</Directory>
				</Mesh>
				<Scale>30 30 30</Scale>
			</BoxCollider>

			<RigidBody>
				<Kinematic>true</Kinematic>
			</RigidBody>
		</Component>
	</Entity>

	<Entity>
		<Name>PlaneTeleport</Name>
		<Component>
			<Transform>
				<Position>0 -50 0</Position>
				<Scale>50 30 50</Scale>
			</Transform>

			<Mesh>
				<Directory>Plane</Directory>
			</Mesh>

			<Renderer>
				<Texture>
					<Diffuse>Floor</Diffuse>
				</Texture>
			</Renderer>

			<BoxCollider>
				<Mesh>
					<Directory>Default</Directory>
				</Mesh>
				<Scale>30 30 30</Scale>
			</BoxCollider>

			<RigidBody>
				<Kinematic>true</Kinematic>
        <CollisionTrigger>
          <EffectTeleport>-55 200 80</EffectTeleport>
        </CollisionTrigger>
			</RigidBody>
		</Component>
	</Entity>
      
  <Entity>
    <Name>Coin_1</Name>
    <Tag>Coin2</Tag>
    <Component>
      <Transform>
        <Position>-50 40 125</Position>
        <Scale>1.0 1.0 1.0</Scale>
      </Transform>
      <Mesh>
        <Directory>ComputerChip</Directory>
      </Mesh>
      <Renderer>
        <Texture>
          <Diffuse>ComputerChip_2</Diffuse>
        </Texture>
      </Renderer>
      <BoxCollider/>
      <RigidBody>
        <Kinematic>true</Kinematic>
      </RigidBody>
    </Component>
  </Entity>

  <Entity>
    <Name>Coin_2</Name>
    <Tag>Coin2</Tag>
    <Component>
      <Transform>
        <Position>-30 40 125</Position>
        <Scale>1.0 1.0 1.0</Scale>
      </Transform>
      <Mesh><Directory>ComputerChip</Directory></Mesh>
      <Renderer>
        <Texture>
          <Diffuse>ComputerChip_2</Diffuse>
        </Texture>
      </Renderer>
      <BoxCollider/>
      <RigidBody>
        <Kinematic>true</Kinematic>
      </RigidBody>
    </Component>
  </Entity>

  <Entity>
    <Name>Coin_3</Name>
    <Tag>Coin3</Tag>
    <Component>
      <Transform>
        <Position>-10 40 125</Position>
        <Scale>1.0 1.0 1.0</Scale>
      </Transform>
      <Mesh>
        <Directory>ComputerChip</Directory>
      </Mesh>
      <Renderer>
        <Texture>
          <Diffuse>ComputerChip_3</Diffuse>
        </Texture>
      </Renderer>
      <BoxCollider/>
      <RigidBody>
        <Kinematic>true</Kinematic>
      </RigidBody>
    </Component>
  </Entity>
  
  <Entity>
    <Name>Coin_4</Name>
    <Tag>Coin1</Tag>
    <Component>
      <Transform>
        <Position>159 72 -41</Position>
        <Scale>1.0 1.0 1.0</Scale>
      </Transform>
      <Mesh>
        <Directory>ComputerChip</Directory>
      </Mesh>
      <Renderer>
        <Texture>
          <Diffuse>ComputerChip_1</Diffuse>
        </Texture>
      </Renderer>
      <BoxCollider/>
      <RigidBody>
        <Kinematic>true</Kinematic>
      </RigidBody>
    </Component>
  </Entity>

  <Entity>
    <Name>Coin_5</Name>
    <Tag>Coin1</Tag>
    <Component>
      <Transform>
        <Position>83 62 35</Position>
        <Scale>1.0 1.0 1.0</Scale>
      </Transform>
      <Mesh>
        <Directory>ComputerChip</Directory>
      </Mesh>
      <Renderer>
        <Texture>
          <Diffuse>ComputerChip_1</Diffuse>
        </Texture>
      </Renderer>
      <BoxCollider/>
      <RigidBody>
        <Kinematic>true</Kinematic>
      </RigidBody>
    </Component>
  </Entity> 
    
    
  <Entity>
    <Name>WinningPad</Name>
    <Component>
      <Transform>
        <Position>-150 0.0 -30</Position>
      </Transform>

      <Mesh>
        <Directory>CPU</Directory>
      </Mesh>

      <Renderer>
        <Texture>
          <Diffuse>CPU</Diffuse>
        </Texture>
      </Renderer>

      <BoxCollider/>

      <RigidBody>
        <Kinematic>true</Kinematic>
        <CollisionTrigger>
          <EffectFilter>
            <Allow>Robot</Allow>
            <Effect><EffectSet>
              <Won>BTrue</Won>
            </EffectSet></Effect>
          </EffectFilter>          
        </CollisionTrigger>
      </RigidBody>
    </Component>
  </Entity>

  
  
  <Entity>
    <Name>BouncePad</Name>
    <Component>
      <Transform>
        <Position>100 45.5 -110</Position>
        <Scale>5 1.0 5</Scale>
      </Transform>

      <Mesh>
        <Directory>Cube</Directory>
      </Mesh>

      <Renderer>
        <Texture>
          <Diffuse>Bounce</Diffuse>
        </Texture>
      </Renderer>

      <BoxCollider/>

      <RigidBody>
        <Kinematic>true</Kinematic>
        <CollisionTrigger>
          <EffectFilter>
            <Allow>Robot</Allow>
            <Allow>Enemy</Allow>
            <Effect><EffectPush>
              <Push>0 200 100</Push>
            </EffectPush></Effect>
          </EffectFilter>          
        </CollisionTrigger>
      </RigidBody>
    </Component>
  </Entity>
  
  <Entity>
    <Name>PathBlockOppFirewall1</Name>
    <Component> 
      <Transform>
        <Position>-161 5 -30</Position>
        <Scale>1 10 30</Scale>      
      </Transform>

      <Mesh><Directory>Cube</Directory></Mesh>

      <Renderer><Texture><Diffuse>Platform</Diffuse></Texture></Renderer>

      <BoxCollider/>
      <RigidBody>
        <Kinematic>true</Kinematic>   
      </RigidBody>
    </Component>
  </Entity>

  <Entity>
    <Name>Firewall1</Name>
    <Component> 
      <Transform>
        <Position>-70 5 -30</Position>
        <Scale>1 10 30</Scale>      
      </Transform>

      <Mesh><Directory>Cube</Directory></Mesh>

      <Renderer>
        <Texture>
          <Diffuse>Firewall_1</Diffuse>
          <Normal>FirewallNormal</Normal>
          <Specular>FirewallSpecular</Specular>
          <Depth>FirewallDepth</Depth>
        </Texture>
      </Renderer>


      <BoxCollider/>
      <RigidBody>
        <Kinematic>true</Kinematic>
        <CollisionTrigger>
          <EffectFilter>
            <Allow>Robot</Allow>
            <Effect><EffectPush>
              <Push>400 5 0</Push>    
            </EffectPush></Effect>
          </EffectFilter>
        </CollisionTrigger>      
      </RigidBody>
    </Component>
  </Entity>
  
  <Entity>
    <Name>Firewall2</Name>
    <Component> 
      <Transform>
        <Position>-72 5 -30</Position>
        <Scale>1 10 30</Scale>      
      </Transform>

      <Mesh><Directory>Cube</Directory></Mesh>

      <Renderer>
        <Texture>
          <Diffuse>Firewall_2</Diffuse>
          <Normal>FirewallNormal</Normal>
          <Specular>FirewallSpecular</Specular>
          <Depth>FirewallDepth</Depth>
        </Texture>
      </Renderer>


      <BoxCollider/>
      <RigidBody>
        <Kinematic>true</Kinematic>
        <CollisionTrigger>
          <EffectFilter>
            <Allow>Robot</Allow>
            <Effect><EffectPush>
              <Push>400 5 0</Push>    
            </EffectPush></Effect>
          </EffectFilter>
        </CollisionTrigger>      
      </RigidBody>
    </Component>
  </Entity>
  
  <Entity>
    <Name>Firewall3</Name>
    <Component> 
      <Transform>
        <Position>-74 5 -30</Position>
        <Scale>1 10 30</Scale>      
      </Transform>

      <Mesh><Directory>Cube</Directory></Mesh>

      <Renderer><Texture>
        <Diffuse>Firewall_3</Diffuse>
        <Normal>FirewallNormal</Normal>
        <Specular>FirewallSpecular</Specular>
        <Depth>FirewallDepth</Depth>
      </Texture></Renderer>

      <BoxCollider/>
      <RigidBody>
        <Kinematic>true</Kinematic>
        <CollisionTrigger>
          <EffectFilter>
            <Allow>Robot</Allow>
            <Effect><EffectPush>
              <Push>400 5 0</Push>    
            </EffectPush></Effect>
          </EffectFilter>
        </CollisionTrigger>      
      </RigidBody>
    </Component>
  </Entity>
  
  <Entity>
    <Name>USBBlock1</Name>
    <Component>
      <Transform>
        <Position>131 160 -9</Position>
        <Scale>3 3 3</Scale>
      </Transform>

      <Mesh><Directory>USB</Directory></Mesh>
      <Renderer><Texture><Diffuse>USB_1</Diffuse></Texture></Renderer>
      <RigidBody>
        <CollisionTrigger>
          <EffectFilter>
            <Allow>Robot</Allow>
            <Effect><EffectChain>            
              <Effect><EffectConst>
                <Target>USBBlock1</Target>
                <Effect><EffectKey>
                  <TargetActive>False</TargetActive>
                  <Renderer>True</Renderer>
                  <Collider>True</Collider>               
                </EffectKey></Effect>
              </EffectConst></Effect>
            
              <Effect><EffectConst>
                <Target>Firewall1</Target>
                <Effect><EffectKey>
                  <TargetActive>False</TargetActive>
                  <Renderer>True</Renderer>
                  <Collider>True</Collider>
                </EffectKey></Effect>
              </EffectConst></Effect>            
          </EffectChain></Effect>
        </EffectFilter>
        </CollisionTrigger>        
      </RigidBody>
      <BoxCollider/>
    </Component>
  </Entity>
  
  <Entity>
    <Name>USBBlock2</Name>
    <Component>
      <Transform>
        <Position>-115 40 -28</Position>
        <Scale>3 3 3</Scale>
      </Transform>
      
      <Mesh><Directory>USB</Directory></Mesh>
      <Renderer><Texture><Diffuse>USB_2</Diffuse></Texture></Renderer>
      <RigidBody>
        <CollisionTrigger>
          <EffectFilter>
            <Allow>Robot</Allow>
            <Effect><EffectChain>            
              <Effect><EffectConst>
                <Target>USBBlock2</Target>
                <Effect><EffectKey>
                  <TargetActive>False</TargetActive>
                  <Renderer>True</Renderer>
                  <Collider>True</Collider>               
                </EffectKey></Effect>
              </EffectConst></Effect>
            
              <Effect><EffectConst>
                <Target>Firewall2</Target>
                <Effect><EffectKey>
                  <TargetActive>False</TargetActive>
                  <Renderer>True</Renderer>
                  <Collider>True</Collider>
                </EffectKey></Effect>
              </EffectConst></Effect>            
          </EffectChain></Effect>
        </EffectFilter>
        </CollisionTrigger>        
      </RigidBody>
        
      <BoxCollider/>
    </Component>
  </Entity>
  
  
  <Entity>
    <Name>USBBlock3</Name>
    <Component>
      <Transform>
        <Position>80 45 -125</Position>
        <Scale>3 3 3</Scale>
      </Transform>

      <Mesh><Directory>USB</Directory></Mesh>
      <Renderer><Texture><Diffuse>USB_3</Diffuse></Texture></Renderer>
      <RigidBody>
        <CollisionTrigger>
          <EffectFilter>
            <Allow>Robot</Allow>
            <Effect><EffectChain>            
              <Effect><EffectConst>
                <Target>USBBlock3</Target>
                <Effect><EffectKey>
                  <TargetActive>False</TargetActive>
                  <Renderer>True</Renderer>
                  <Collider>True</Collider>               
                </EffectKey></Effect>
              </EffectConst></Effect>
            
              <Effect><EffectConst>
                <Target>Firewall3</Target>
                <Effect><EffectKey>
                  <TargetActive>False</TargetActive>
                  <Renderer>True</Renderer>
                  <Collider>True</Collider>
                </EffectKey></Effect>
              </EffectConst></Effect>            
          </EffectChain></Effect>
        </EffectFilter>
        </CollisionTrigger>        
      </RigidBody>
      <BoxCollider/>
    </Component>
  </Entity>
  
  <Entity>
    <Name>DisappearPad1</Name>
    <Component>
      <Transform>
        <Position>-55 200 80</Position>
        <Scale>10 1.0 10</Scale>
      </Transform>
      <Mesh><Directory>Cube</Directory></Mesh>
      <Renderer><Texture><Diffuse>Platform</Diffuse></Texture></Renderer>
      <BoxCollider/>
      <RigidBody>
        <Kinematic>true</Kinematic>
        <CollisionTrigger>
          <EffectFilter>
            <Allow>Robot</Allow>
            <Effect><EffectConst>
              <Target>DisappearPad1</Target>
              <Effect><EffectChain>
                
              <Effect><EffectDelay>
                <Delay>1.0</Delay>
                <Effect><EffectKey>
                  <TargetActive>False</TargetActive>
                  <Renderer>True</Renderer>
                  <Collider>True</Collider>
                  <AndChildren/>
                </EffectKey></Effect>
              </EffectDelay>
              </Effect>
                              
              <Effect><EffectDelay>
                <Delay>4.0</Delay>
                <Effect><EffectKey>
                  <TargetActive>True</TargetActive>
                  <Renderer>True</Renderer>
                  <Collider>True</Collider>
                  <AndChildren/>
                </EffectKey></Effect>
              </EffectDelay>
              </Effect>

              </EffectChain></Effect>
            </EffectConst></Effect>
          </EffectFilter>
        </CollisionTrigger>
      </RigidBody>
    </Component>
  </Entity>
  
  <Entity>
    <Name>DisappearPad2</Name>
    <Component>
      <Transform>
        <Position>-55 170 80</Position>
        <Scale>5 1.0 5</Scale>
      </Transform>
      <Mesh><Directory>Cube</Directory></Mesh>
      <Renderer><Texture><Diffuse>Platform</Diffuse></Texture></Renderer>
      <BoxCollider/>
      <RigidBody>
        <Kinematic>true</Kinematic>
        <CollisionTrigger>
          <EffectFilter>
            <Allow>Robot</Allow>
            <Effect><EffectConst>
              <Target>DisappearPad2</Target>
              <Effect><EffectChain>
                
              <Effect><EffectDelay>
                <Delay>1.0</Delay>
                <Effect><EffectKey>
                  <TargetActive>False</TargetActive>
                  <Renderer>True</Renderer>
                  <Collider>True</Collider>
                  <AndChildren/>
                </EffectKey></Effect>
              </EffectDelay>
              </Effect>
                              
              <Effect><EffectDelay>
                <Delay>4.0</Delay>
                <Effect><EffectKey>
                  <TargetActive>True</TargetActive>
                  <Renderer>True</Renderer>
                  <Collider>True</Collider>
                  <AndChildren/>
                </EffectKey></Effect>
              </EffectDelay>
              </Effect>

              </EffectChain></Effect>
            </EffectConst></Effect>
          </EffectFilter>
        </CollisionTrigger>
      </RigidBody>
    </Component>
  </Entity>
  
  
  <Entity>
    <Name>DisappearPad3</Name>
    <Component>
      <Transform>
        <Position>-55 150 80</Position>
        <Scale>2 1.0 2</Scale>
      </Transform>
      <Mesh><Directory>Cube</Directory></Mesh>
      <Renderer><Texture><Diffuse>Platform</Diffuse></Texture></Renderer>
      <BoxCollider/>
      <RigidBody>
        <Kinematic>true</Kinematic>
        <CollisionTrigger>
          <EffectFilter>
            <Allow>Robot</Allow>
            <Effect><EffectConst>
              <Target>DisappearPad3</Target>
              <Effect><EffectChain>
                
              <Effect><EffectDelay>
                <Delay>1.0</Delay>
                <Effect><EffectKey>
                  <TargetActive>False</TargetActive>
                  <Renderer>True</Renderer>
                  <Collider>True</Collider>
                  <AndChildren/>
                </EffectKey></Effect>
              </EffectDelay>
              </Effect>
                              
              <Effect><EffectDelay>
                <Delay>4.0</Delay>
                <Effect><EffectKey>
                  <TargetActive>True</TargetActive>
                  <Renderer>True</Renderer>
                  <Collider>True</Collider>
                  <AndChildren/>
                </EffectKey></Effect>
              </EffectDelay>
              </Effect>

              </EffectChain></Effect>
            </EffectConst></Effect>
          </EffectFilter>
        </CollisionTrigger>
      </RigidBody>
    </Component>
  </Entity>


  <Entity>
    <Name>PlatformLower1</Name>
    <Tag>MovingPlatform</Tag>
    <Component>
      <Transform>
        <Position>-55 90 80</Position>
        <Scale>10 4 10</Scale>
      </Transform>
      <Mesh><Directory>Cube</Directory></Mesh>
      <Renderer>
        <Texture><Diffuse>Platform</Diffuse></Texture>
      </Renderer>
      <BoxCollider></BoxCollider>
      <RigidBody>
        <Kinematic>true</Kinematic>
        <CollisionTrigger>
        <EffectFilter>
          <Allow>Robot</Allow>
          <Effect><EffectConst>
            <Target>PlatformLower1</Target>
            <Effect><EffectChain>

              <Effect><EffectDelay>
                <Delay>17.0</Delay>              
                <Effect><EffectKey>
                    <TargetActive>True</TargetActive>
                    <Collider>False</Collider>
                    <Renderer>False</Renderer>
                    <AI>True</AI>
                </EffectKey></Effect>
                <Immediate/>
              </EffectDelay></Effect>
              
              <Effect><EffectDelay>
                <Delay>5.5</Delay>
                <Effect><EffectKey>
                    <TargetActive>False</TargetActive>
                    <Collider>False</Collider>
                    <Renderer>False</Renderer>
                    <AI>True</AI>
                </EffectKey></Effect>
              </EffectDelay></Effect>
            
              <Effect><EffectDelay>
                <Delay>11.0</Delay>
                <Effect><EffectKey>
                    <TargetActive>True</TargetActive>
                    <Collider>False</Collider>
                    <Renderer>False</Renderer>
                    <AI>True</AI>
                </EffectKey></Effect>
              </EffectDelay></Effect>
            
              <Effect><EffectDelay>
                <Delay>16.0</Delay>
                <Effect><EffectKey>
                    <TargetActive>False</TargetActive>
                    <Collider>False</Collider>
                    <Renderer>False</Renderer>
                    <AI>True</AI>
                </EffectKey></Effect>
              </EffectDelay></Effect>
              
            </EffectChain></Effect>
          </EffectConst></Effect>            
        </EffectFilter>
        </CollisionTrigger>
      </RigidBody>
      <AI>
        <MovementBehaviour>Patrol</MovementBehaviour>
        <DetectionBehaviour>None</DetectionBehaviour>
        <MoveSpeed>0.3</MoveSpeed>
        <DetectionRange>50</DetectionRange>
        <Enabled>False</Enabled>
        <PatrolPath>
          <Node>-55 90 80</Node>
          <Node>-55 -5 80</Node>
        </PatrolPath>
        <disableRotate>true</disableRotate>
      </AI>
    </Component>
  </Entity>
  
  
	<Entity>
		<Name>Jumper1</Name>
		<Component>
			<Transform>
				<Position>80 20 -125</Position>
				<Scale>50 50 30</Scale>
			</Transform>

			<Mesh>
				<Directory>Cube</Directory>
			</Mesh>

			<Renderer>
				<Texture>
					<Diffuse>Platform</Diffuse>
				</Texture>
			</Renderer>

			<BoxCollider></BoxCollider>

			<RigidBody>
				<Kinematic>true</Kinematic>
			</RigidBody>
		</Component>
	</Entity>
	
	<Entity>
		<Name>Jumper2</Name>
		<Tag>MovingPlatform</Tag>
		<Component>
			<Transform>
				<Position>35 15 -115</Position>
				<Scale>10 50 10</Scale>
			</Transform>

			<Mesh>
				<Directory>Cube</Directory>
			</Mesh>

			<Renderer>
				<Texture>
					<Diffuse>Platform</Diffuse>
				</Texture>
			</Renderer>

			<BoxCollider></BoxCollider>

			<RigidBody>
				<Kinematic>true</Kinematic>
			</RigidBody>
			<AI>
				<MovementBehaviour>Patrol</MovementBehaviour>
				<DetectionBehaviour>None</DetectionBehaviour>
				<MoveSpeed>0.1</MoveSpeed>
				<DetectionRange>50</DetectionRange>
				
				<PatrolPath>
					<Node>35 20 -115</Node>
					<Node>35 10 -115</Node>
				</PatrolPath>
				
				<disableRotate>true</disableRotate>
			</AI>
		</Component>
	</Entity>
	
	<Entity>
		<Name>Jumper3</Name>
		<Tag>MovingPlatform</Tag>
		<Component>
			<Transform>
				<Position>35 13 -135</Position>
				<Scale>10 50 10</Scale>
			</Transform>

			<Mesh>
				<Directory>Cube</Directory>
			</Mesh>

			<Renderer>
				<Texture>
					<Diffuse>Platform</Diffuse>
				</Texture>
			</Renderer>

			<BoxCollider></BoxCollider>

			<RigidBody>
				<Kinematic>true</Kinematic>
			</RigidBody>

			<AI>
				<MovementBehaviour>Patrol</MovementBehaviour>
				<DetectionBehaviour>None</DetectionBehaviour>
				<MoveSpeed>0.1</MoveSpeed>
				<DetectionRange>50</DetectionRange>
				
				<PatrolPath>
					<Node>35 20 -135</Node>
					<Node>35 10 -135</Node>
				</PatrolPath>
				
				<disableRotate>true</disableRotate>
			</AI>
		</Component>
	</Entity>
	
	<Entity>
		<Name>Jumper4</Name>
		<Tag>MovingPlatform</Tag>
		<Component>
			<Transform>
				<Position>20 19 -125</Position>
				<Scale>10 50 10</Scale>
			</Transform>

			<Mesh>
				<Directory>Cube</Directory>
			</Mesh>

			<Renderer>
				<Texture>
					<Diffuse>Platform</Diffuse>
				</Texture>
			</Renderer>

			<BoxCollider></BoxCollider>

			<RigidBody>
				<Kinematic>true</Kinematic>
			</RigidBody>

			<AI>
				<MovementBehaviour>Patrol</MovementBehaviour>
				<DetectionBehaviour>None</DetectionBehaviour>
				<MoveSpeed>0.1</MoveSpeed>
				<DetectionRange>50</DetectionRange>
				
				<PatrolPath>
					<Node>20 20 -125</Node>
					<Node>20 10 -125</Node>
				</PatrolPath>
				
				<disableRotate>true</disableRotate>
			</AI>
		</Component>
	</Entity>
	
	<Entity>
		<Name>Jumper5</Name>
		<Tag>MovingPlatform</Tag>
		<Component>
			<Transform>
				<Position>5 17 -115</Position>
				<Scale>10 50 10</Scale>
			</Transform>

			<Mesh>
				<Directory>Cube</Directory>
			</Mesh>

			<Renderer>
				<Texture>
					<Diffuse>Platform</Diffuse>
				</Texture>
			</Renderer>

			<BoxCollider></BoxCollider>

			<RigidBody>
				<Kinematic>true</Kinematic>
			</RigidBody>

			<AI>
				<MovementBehaviour>Patrol</MovementBehaviour>
				<DetectionBehaviour>None</DetectionBehaviour>
				<MoveSpeed>0.1</MoveSpeed>
				<DetectionRange>50</DetectionRange>
				
				<PatrolPath>
					<Node>5 20 -115</Node>
					<Node>5 10 -115</Node>
				</PatrolPath>
				
				<disableRotate>true</disableRotate>
			</AI>
		</Component>
	</Entity>
	
	<Entity>
		<Name>Jumper6</Name>
		<Tag>MovingPlatform</Tag>
		<Component>
			<Transform>
				<Position>5 20 -135</Position>
				<Scale>10 50 10</Scale>
			</Transform>

			<Mesh>
				<Directory>Cube</Directory>
			</Mesh>

			<Renderer>
				<Texture>
					<Diffuse>Platform</Diffuse>
				</Texture>
			</Renderer>

			<BoxCollider></BoxCollider>

			<RigidBody>
				<Kinematic>true</Kinematic>
			</RigidBody>

			<AI>
				<MovementBehaviour>Patrol</MovementBehaviour>
				<DetectionBehaviour>None</DetectionBehaviour>
				<MoveSpeed>0.1</MoveSpeed>
				<DetectionRange>50</DetectionRange>
				
				<PatrolPath>
					<Node>5 20 -135</Node>
					<Node>5 10 -135</Node>
				</PatrolPath>
				
				<disableRotate>true</disableRotate>
			</AI>
		</Component>
	</Entity>
	
	<Entity>
		<Name>Jumper7</Name>
		<Tag>MovingPlatform</Tag>
		<Component>
			<Transform>
				<Position>-10 14 -125</Position>
				<Scale>10 50 10</Scale>
			</Transform>

			<Mesh>
				<Directory>Cube</Directory>
			</Mesh>

			<Renderer>
				<Texture>
					<Diffuse>Platform</Diffuse>
				</Texture>
			</Renderer>

			<BoxCollider></BoxCollider>

			<RigidBody>
				<Kinematic>true</Kinematic>
			</RigidBody>

			<AI>
				<MovementBehaviour>Patrol</MovementBehaviour>
				<DetectionBehaviour>None</DetectionBehaviour>
				<MoveSpeed>0.1</MoveSpeed>
				<DetectionRange>50</DetectionRange>
				
				<PatrolPath>
					<Node>-10 20 -125</Node>
					<Node>-10 10 -125</Node>
				</PatrolPath>
				
				<disableRotate>true</disableRotate>
			</AI>
		</Component>
	</Entity>
	
	<Entity>
		<Name>Jumper8</Name>
		<Tag>MovingPlatform</Tag>
		<Component>
			<Transform>
				<Position>-25 17 -115</Position>
				<Scale>10 50 10</Scale>
			</Transform>

			<Mesh>
				<Directory>Cube</Directory>
			</Mesh>

			<Renderer>
				<Texture>
					<Diffuse>Platform</Diffuse>
				</Texture>
			</Renderer>

			<BoxCollider></BoxCollider>

			<RigidBody>
				<Kinematic>true</Kinematic>
			</RigidBody>

			<AI>
				<MovementBehaviour>Patrol</MovementBehaviour>
				<DetectionBehaviour>None</DetectionBehaviour>
				<MoveSpeed>0.1</MoveSpeed>
				<DetectionRange>50</DetectionRange>
				
				<PatrolPath>
					<Node>-25 20 -115</Node>
					<Node>-25 10 -115</Node>
				</PatrolPath>
				
				<disableRotate>true</disableRotate>
			</AI>
		</Component>
	</Entity>
	
	<Entity>
		<Name>Jumper9</Name>
		<Tag>MovingPlatform</Tag>
		<Component>
			<Transform>
				<Position>-25 16 -135</Position>
				<Scale>10 50 10</Scale>
			</Transform>

			<Mesh>
				<Directory>Cube</Directory>
			</Mesh>

			<Renderer>
				<Texture>
					<Diffuse>Platform</Diffuse>
				</Texture>
			</Renderer>

			<BoxCollider></BoxCollider>

			<RigidBody>
				<Kinematic>true</Kinematic>
			</RigidBody>

			<AI>
				<MovementBehaviour>Patrol</MovementBehaviour>
				<DetectionBehaviour>None</DetectionBehaviour>
				<MoveSpeed>0.1</MoveSpeed>
				<DetectionRange>50</DetectionRange>
				
				<PatrolPath>
					<Node>-25 20 -135</Node>
					<Node>-25 10 -135</Node>
				</PatrolPath>
				
				<disableRotate>true</disableRotate>
			</AI>
		</Component>
	</Entity>
	
	<Entity>
		<Name>Jumper10</Name>
		<Component>
			<Transform>
				<Position>-60 10 -125</Position>
				<Scale>40 30 40</Scale>
			</Transform>

			<Mesh>
				<Directory>Cube</Directory>
			</Mesh>

			<Renderer>
				<Texture>
					<Diffuse>Platform</Diffuse>
				</Texture>
			</Renderer>

			<BoxCollider></BoxCollider>

			<RigidBody>
				<Kinematic>true</Kinematic>
			</RigidBody>
		</Component>
	</Entity>
	
	<Entity>
		<Name>JumperPlatform1</Name>
		<Tag>MovingPlatform</Tag>
		<Component>
			<Transform>
				<Position>-45 2 -95</Position>
				<Scale>10 5 10</Scale>
			</Transform>

			<Mesh>
				<Directory>Cube</Directory>
			</Mesh>

			<Renderer>
				<Texture>
					<Diffuse>Platform</Diffuse>
				</Texture>
			</Renderer>

			<BoxCollider></BoxCollider>

			<RigidBody>
				<Kinematic>true</Kinematic>
			</RigidBody>
			
			<AI>
				<MovementBehaviour>Patrol</MovementBehaviour>
				<DetectionBehaviour>None</DetectionBehaviour>
				<MoveSpeed>0.1</MoveSpeed>
				<DetectionRange>50</DetectionRange>
				
				<PatrolPath>
					<Node>-45 2 -95</Node>
					<Node>-45 20 -95</Node>
				</PatrolPath>
				
				<disableRotate>true</disableRotate>
			</AI>
		</Component>
	</Entity>

	<Entity>
		<Name>Cave1</Name>
		<Component>
			<Transform>
				<Position>-114 5 -60</Position>
				<Scale>100 10 30</Scale>
			</Transform>

			<Mesh>
				<Directory>Cube</Directory>
			</Mesh>

			<Renderer>
				<Texture>
					<Diffuse>Platform</Diffuse>
				</Texture>
			</Renderer>

			<BoxCollider></BoxCollider>

			<RigidBody>
				<Kinematic>true</Kinematic>
			</RigidBody>
		</Component>
	</Entity>
	
	<Entity>
		<Name>Cave2</Name>
		<Component>
			<Transform>
				<Position>-114 25 -30</Position>
				<Scale>100 30 90</Scale>
			</Transform>

			<Mesh>
				<Directory>Cube</Directory>
			</Mesh>

			<Renderer>
				<Texture>
					<Diffuse>Platform</Diffuse>
				</Texture>
			</Renderer>

			<BoxCollider></BoxCollider>

			<RigidBody>
				<Kinematic>true</Kinematic>
			</RigidBody>
		</Component>
	</Entity>
	
	<Entity>
		<Name>Cave3</Name>
		<Component>
			<Transform>
				<Position>-114 5 0</Position>
				<Scale>100 10 30</Scale>
			</Transform>

			<Mesh>
				<Directory>Cube</Directory>
			</Mesh>

			<Renderer>
				<Texture>
					<Diffuse>Platform</Diffuse>
				</Texture>
			</Renderer>

			<BoxCollider></BoxCollider>

			<RigidBody>
				<Kinematic>true</Kinematic>
			</RigidBody>
		</Component>
	</Entity>
	
	<Entity>
		<Name>EnemyTop1</Name>
    	<Tag>Enemy</Tag>
		<Component>
			<Transform>
				<Position>-114 50 -30</Position>
				<Rotation>0 180 0</Rotation>
			</Transform>

			<BoxCollider>
				<Position>0 -3.3 0</Position>
				<Scale>3 4 2</Scale>
			</BoxCollider>

			<RigidBody>
				<Mass>50</Mass>
			</RigidBody>

			<AI>
				<MovementBehaviour>Wander</MovementBehaviour>
				<DetectionBehaviour>Aggressive</DetectionBehaviour>
				<MoveSpeed>0.3</MoveSpeed>
				<DetectionRange>50</DetectionRange>
				
				<WanderArea>
					<Position>-114 25 -30</Position>
					<Size>80 1 70</Size>
					<useAxis>true false true</useAxis>
				</WanderArea>

				<WanderWaitTimes>3 5</WanderWaitTimes>
				<ZoneLock>true</ZoneLock>
			</AI>
		</Component>

    <!-- every update frame -->
    <UpdateTrigger>
      <EffectConst>
        <Target>Robot</Target>
        <Effect>
          <EffectIf>
          <Condition>Dead</Condition>
          <True>
          <EffectDelay>
            <Immediate/>
            <Delay>5.0</Delay>
            <Effect>               
            
            <EffectChain>
            <Effect><EffectAnimation>PlayerDeath</EffectAnimation></Effect>
            <Effect><EffectAudio><Play>2</Play></EffectAudio></Effect>
            <Effect>
              <EffectDelay>
                <Delay>5.0</Delay>
                <Effect>                  
                  <EffectChain>
                    <Effect><EffectTeleport>-55 231 80</EffectTeleport></Effect>
                    <Effect><EffectSet><HP>D100.0</HP></EffectSet></Effect>
                    <Effect><EffectSet><Dead>BFalse</Dead></EffectSet></Effect>
                    <Effect><EffectSet><LowHP>BFalse</LowHP></EffectSet></Effect>
                    <Effect><EffectAnimation>PlayerIdle</EffectAnimation></Effect>            
                  </EffectChain>
                </Effect>
              </EffectDelay>
              </Effect>                  
          
          </EffectChain></Effect>
          </EffectDelay>
          </True>
          <!-- if ((bool) Dead) { teleport(-55,231,80); HP = 100.0; } -->
          </EffectIf>
        </Effect>
      </EffectConst>      
    </UpdateTrigger>
    
    <UpdateTrigger>
      <EffectConst>
        <Target>Robot</Target>
        <Effect>
          <EffectIf>
          <Condition>LowHP</Condition>
          <True>
            <EffectFog>
              <Density>0.009</Density>
              <Colour>0.4 0.1 0.1</Colour>
            </EffectFog></True>
          <False>
            <EffectFog>
              <Density>0.003</Density>
              <Colour>0.5 0.5 0.5</Colour>
            </EffectFog>
          </False>
          </EffectIf>
        </Effect>
      </EffectConst>      
    </UpdateTrigger>

      
		<Entity>
			<Name>Enemy1Idle</Name>
			<Component>
				<Transform>
					<Position>0.0 -5.35 0.0</Position>
					<Scale>0.25 0.25 0.25</Scale>
				</Transform>
				
				<AnimatedRenderer>
					<Mesh>Enemy2</Mesh>
					<Texture>Enemy2</Texture>
				</AnimatedRenderer>
				
				<BoxCollider>
					<Mesh>Default</Mesh>
				</BoxCollider>
				
				<RigidBody>
					<Kinematic>true</Kinematic>
				</RigidBody>
			</Component>
		</Entity>
		
		<Entity>
			<Name>Enemy1Walk</Name>
			<Component>
				<Transform>
          			<Position>0.0 -5.35 0.0</Position>
					<Scale>0.25 0.25 0.25</Scale>
				</Transform>
				
				<AnimatedRenderer>
					<Mesh>Enemy2</Mesh>
					<Texture>Enemy2</Texture>
					<Active>false</Active>
				</AnimatedRenderer>
				
				<BoxCollider>
					<Mesh>Default</Mesh>
				</BoxCollider>
				
				<RigidBody>
					<Kinematic>true</Kinematic>
				</RigidBody>
			</Component>
		</Entity>
	</Entity>

	<Entity>
		<Name>EnemyTop2</Name>
    	<Tag>Enemy</Tag>
		<Component>
			<Transform>
				<Position>-104 50 -30</Position>
				<Rotation>0 180 0</Rotation>
			</Transform>

			<BoxCollider>
        <Position>0 -3.3 0</Position>
        <Scale>3 4 2</Scale>
			</BoxCollider>

			<RigidBody>
				<Mass>50</Mass>
			</RigidBody>

			<AI>
				<MovementBehaviour>Wander</MovementBehaviour>
				<DetectionBehaviour>Aggressive</DetectionBehaviour>
				<MoveSpeed>0.3</MoveSpeed>
				<DetectionRange>50</DetectionRange>
				
				<WanderArea>
					<Position>-114 25 -30</Position>
					<Size>80 1 70</Size>
					<useAxis>true false true</useAxis>
				</WanderArea>

				<WanderWaitTimes>3 5</WanderWaitTimes>
				<ZoneLock>true</ZoneLock>
			</AI>
		</Component>

		<Entity>
			<Name>Enemy1Idle</Name>
			<Component>
				<Transform>
					<Position>0.0 -5.35 0.0</Position>
					<Scale>0.25 0.25 0.25</Scale>
				</Transform>
				
				<AnimatedRenderer>
					<Mesh>Enemy2</Mesh>
					<Texture>Enemy2</Texture>
				</AnimatedRenderer>
				
				<BoxCollider>
					<Mesh>Default</Mesh>
				</BoxCollider>
				
				<RigidBody>
					<Kinematic>true</Kinematic>
				</RigidBody>
			</Component>
		</Entity>
		
		<Entity>
			<Name>Enemy1Walk</Name>
			<Component>
				<Transform>
          			<Position>0.0 -5.35 0.0</Position>
					<Scale>0.25 0.25 0.25</Scale>
				</Transform>
				
				<AnimatedRenderer>
					<Mesh>Enemy2</Mesh>
					<Texture>Enemy2</Texture>
					<Active>false</Active>
				</AnimatedRenderer>
				
				<BoxCollider>
					<Mesh>Default</Mesh>
				</BoxCollider>
				
				<RigidBody>
					<Kinematic>true</Kinematic>
				</RigidBody>
			</Component>
		</Entity>
	</Entity>

	<Entity>
		<Name>EnemyTop3</Name>
    	<Tag>Enemy</Tag>
		<Component>
			<Transform>
				<Position>-124 50 -40</Position>
				<Rotation>0 180 0</Rotation>
			</Transform>

			<BoxCollider>
        <Position>0 -3.3 0</Position>
        <Scale>3 4 2</Scale>
			</BoxCollider>

			<RigidBody>
				<Mass>50</Mass>
			</RigidBody>

			<AI>
				<MovementBehaviour>Wander</MovementBehaviour>
				<DetectionBehaviour>Aggressive</DetectionBehaviour>
				<MoveSpeed>0.3</MoveSpeed>
				<DetectionRange>50</DetectionRange>
				
				<WanderArea>
					<Position>-114 25 -30</Position>
					<Size>80 1 70</Size>
					<useAxis>true false true</useAxis>
				</WanderArea>

				<WanderWaitTimes>3 5</WanderWaitTimes>
				<ZoneLock>true</ZoneLock>
			</AI>
		</Component>

		<Entity>
			<Name>Enemy1Idle</Name>
			<Component>
				<Transform>
					<Position>0.0 -5.35 0.0</Position>
					<Scale>0.25 0.25 0.25</Scale>
				</Transform>
				
				<AnimatedRenderer>
					<Mesh>Enemy1Idle</Mesh>
					<Texture>Enemy1_1</Texture>
				</AnimatedRenderer>
				
				<BoxCollider>
					<Mesh>Default</Mesh>
				</BoxCollider>
				
				<RigidBody>
					<Kinematic>true</Kinematic>
				</RigidBody>
			</Component>
		</Entity>
		
		<Entity>
			<Name>Enemy1Walk</Name>
			<Component>
				<Transform>
          			<Position>0.0 -5.35 0.0</Position>
					<Scale>0.25 0.25 0.25</Scale>
				</Transform>
				
				<AnimatedRenderer>
					<Mesh>Enemy1Walk</Mesh>
					<Texture>Enemy1_1</Texture>
					<Active>false</Active>
				</AnimatedRenderer>
				
				<BoxCollider>
					<Mesh>Default</Mesh>
				</BoxCollider>
				
				<RigidBody>
					<Kinematic>true</Kinematic>
				</RigidBody>
			</Component>
		</Entity>
	</Entity>

	<Entity>
		<Name>EnemyTop4</Name>
    	<Tag>Enemy</Tag>
		<Component>
			<Transform>
				<Position>-124 50 -20</Position>
				<Rotation>0 180 0</Rotation>
			</Transform>

			<BoxCollider>
        <Position>0 -3.3 0</Position>
        <Scale>3 4 2</Scale>
			</BoxCollider>

			<RigidBody>
				<Mass>50</Mass>
			</RigidBody>

			<AI>
				<MovementBehaviour>Wander</MovementBehaviour>
				<DetectionBehaviour>Aggressive</DetectionBehaviour>
				<MoveSpeed>0.3</MoveSpeed>
				<DetectionRange>50</DetectionRange>
				
				<WanderArea>
					<Position>-114 25 -30</Position>
					<Size>80 1 70</Size>
					<useAxis>true false true</useAxis>
				</WanderArea>

				<WanderWaitTimes>3 5</WanderWaitTimes>
				<ZoneLock>true</ZoneLock>
			</AI>
		</Component>
    
		<Entity>
			<Name>Enemy1Idle</Name>
			<Component>
				<Transform>
					<Position>0.0 -5.35 0.0</Position>
					<Scale>0.25 0.25 0.25</Scale>
				</Transform>
				
				<AnimatedRenderer>
					<Mesh>Enemy1Idle</Mesh>
					<Texture>Enemy1_1</Texture>
				</AnimatedRenderer>
				
				<BoxCollider>
					<Mesh>Default</Mesh>
				</BoxCollider>
				
				<RigidBody>
					<Kinematic>true</Kinematic>
				</RigidBody>
			</Component>
		</Entity>
		
		<Entity>
			<Name>Enemy1Walk</Name>
			<Component>
				<Transform>
          			<Position>0.0 -5.35 0.0</Position>
					<Scale>0.25 0.25 0.25</Scale>
				</Transform>
				
				<AnimatedRenderer>
					<Mesh>Enemy1Walk</Mesh>
					<Texture>Enemy1_1</Texture>
					<Active>false</Active>
				</AnimatedRenderer>
				
				<BoxCollider>
					<Mesh>Default</Mesh>
				</BoxCollider>
				
				<RigidBody>
					<Kinematic>true</Kinematic>
				</RigidBody>
			</Component>
		</Entity>
	</Entity>

	<Entity>
		<Name>EnemyTop5</Name>
    	<Tag>Enemy</Tag>
		<Component>
			<Transform>
				<Position>-154 50 -20</Position>
				<Rotation>0 180 0</Rotation>
			</Transform>

			<BoxCollider>
        <Position>0 -3.3 0</Position>
        <Scale>3 4 2</Scale>
			</BoxCollider>

			<RigidBody>
				<Mass>50</Mass>
			</RigidBody>

			<AI>
				<MovementBehaviour>Wander</MovementBehaviour>
				<DetectionBehaviour>Aggressive</DetectionBehaviour>
				<MoveSpeed>0.3</MoveSpeed>
				<DetectionRange>50</DetectionRange>
				
				<WanderArea>
					<Position>-114 25 -30</Position>
					<Size>80 1 70</Size>
					<useAxis>true false true</useAxis>
				</WanderArea>

				<WanderWaitTimes>3 5</WanderWaitTimes>
				<ZoneLock>true</ZoneLock>
			</AI>
		</Component>
    
		<Entity>
			<Name>Enemy1Idle</Name>
			<Component>
				<Transform>
					<Position>0.0 -5.35 0.0</Position>
					<Scale>0.25 0.25 0.25</Scale>
				</Transform>
				
				<AnimatedRenderer>
					<Mesh>Enemy1Idle</Mesh>
					<Texture>Enemy1_1</Texture>
				</AnimatedRenderer>
				
				<BoxCollider>
					<Mesh>Default</Mesh>
				</BoxCollider>
				
				<RigidBody>
					<Kinematic>true</Kinematic>
				</RigidBody>
			</Component>
		</Entity>
		
		<Entity>
			<Name>Enemy1Walk</Name>
			<Component>
				<Transform>
          			<Position>0.0 -5.35 0.0</Position>
					<Scale>0.25 0.25 0.25</Scale>
				</Transform>
				
				<AnimatedRenderer>
					<Mesh>Enemy1Walk</Mesh>
					<Texture>Enemy1_1</Texture>
					<Active>false</Active>
				</AnimatedRenderer>
				
				<BoxCollider>
					<Mesh>Default</Mesh>
				</BoxCollider>
				
				<RigidBody>
					<Kinematic>true</Kinematic>
				</RigidBody>
			</Component>
		</Entity>
	</Entity>

	<Entity>
		<Name>EnemyTop6</Name>
    	<Tag>Enemy</Tag>
		<Component>
			<Transform>
				<Position>-144 50 -40</Position>
				<Rotation>0 180 0</Rotation>
			</Transform>

			<BoxCollider>
        <Position>0 -3.3 0</Position>
        <Scale>3 4 2</Scale>
			</BoxCollider>

			<RigidBody>
				<Mass>50</Mass>
			</RigidBody>

			<AI>
				<MovementBehaviour>Wander</MovementBehaviour>
				<DetectionBehaviour>Aggressive</DetectionBehaviour>
				<MoveSpeed>0.3</MoveSpeed>
				<DetectionRange>50</DetectionRange>
				
				<WanderArea>
					<Position>-114 25 -30</Position>
					<Size>80 1 70</Size>
					<useAxis>true false true</useAxis>
				</WanderArea>

				<WanderWaitTimes>3 5</WanderWaitTimes>
				<ZoneLock>true</ZoneLock>
			</AI>
		</Component>
    
		<Entity>
			<Name>Enemy1Idle</Name>
			<Component>
				<Transform>
					<Position>0.0 -5.35 0.0</Position>
					<Scale>0.25 0.25 0.25</Scale>
				</Transform>
				
				<AnimatedRenderer>
					<Mesh>Enemy1Idle</Mesh>
					<Texture>Enemy1_1</Texture>
				</AnimatedRenderer>
				
				<BoxCollider>
					<Mesh>Default</Mesh>
				</BoxCollider>
				
				<RigidBody>
					<Kinematic>true</Kinematic>
				</RigidBody>
			</Component>
		</Entity>
		
		<Entity>
			<Name>Enemy1Walk</Name>
			<Component>
				<Transform>
          			<Position>0.0 -5.35 0.0</Position>
					<Scale>0.25 0.25 0.25</Scale>
				</Transform>
				
				<AnimatedRenderer>
					<Mesh>Enemy1Walk</Mesh>
					<Texture>Enemy1_1</Texture>
					<Active>false</Active>
				</AnimatedRenderer>
				
				<BoxCollider>
					<Mesh>Default</Mesh>
				</BoxCollider>
				
				<RigidBody>
					<Kinematic>true</Kinematic>
				</RigidBody>
			</Component>
		</Entity>
	</Entity>

	<Entity>
		<Name>EnemyTop7</Name>
    	<Tag>Enemy</Tag>
		<Component>
			<Transform>
				<Position>-139 50 -35</Position>
				<Rotation>0 180 0</Rotation>
			</Transform>

			<BoxCollider>
        <Position>0 -3.3 0</Position>
        <Scale>3 4 2</Scale>
			</BoxCollider>

			<RigidBody>
				<Mass>50</Mass>
			</RigidBody>

			<AI>
				<MovementBehaviour>Wander</MovementBehaviour>
				<DetectionBehaviour>Aggressive</DetectionBehaviour>
				<MoveSpeed>0.3</MoveSpeed>
				<DetectionRange>50</DetectionRange>
				
				<WanderArea>
					<Position>-114 25 -30</Position>
					<Size>80 1 70</Size>
					<useAxis>true false true</useAxis>
				</WanderArea>

				<WanderWaitTimes>3 5</WanderWaitTimes>
				<ZoneLock>true</ZoneLock>
			</AI>
		</Component>
    
		<Entity>
			<Name>Enemy1Idle</Name>
			<Component>
				<Transform>
					<Position>0.0 -5.35 0.0</Position>
					<Scale>0.25 0.25 0.25</Scale>
				</Transform>
				
				<AnimatedRenderer>
					<Mesh>Enemy1Idle</Mesh>
					<Texture>Enemy1_1</Texture>
				</AnimatedRenderer>
				
				<BoxCollider>
					<Mesh>Default</Mesh>
				</BoxCollider>
				
				<RigidBody>
					<Kinematic>true</Kinematic>
				</RigidBody>
			</Component>
		</Entity>
		
		<Entity>
			<Name>Enemy1Walk</Name>
			<Component>
				<Transform>
          			<Position>0.0 -5.35 0.0</Position>
					<Scale>0.25 0.25 0.25</Scale>
				</Transform>
				
				<AnimatedRenderer>
					<Mesh>Enemy1Walk</Mesh>
					<Texture>Enemy1_1</Texture>
					<Active>false</Active>
				</AnimatedRenderer>
				
				<BoxCollider>
					<Mesh>Default</Mesh>
				</BoxCollider>
				
				<RigidBody>
					<Kinematic>true</Kinematic>
				</RigidBody>
			</Component>
		</Entity>
	</Entity>

	<Entity>
		<Name>EnemyTop8</Name>
    	<Tag>Enemy</Tag>
		<Component>
			<Transform>
				<Position>-109 50 -20</Position>
				<Rotation>0 180 0</Rotation>
			</Transform>

			<BoxCollider>
        <Position>0 -3.3 0</Position>
        <Scale>3 4 2</Scale>
			</BoxCollider>

			<RigidBody>
				<Mass>50</Mass>
			</RigidBody>

			<AI>
				<MovementBehaviour>Wander</MovementBehaviour>
				<DetectionBehaviour>Aggressive</DetectionBehaviour>
				<MoveSpeed>0.3</MoveSpeed>
				<DetectionRange>50</DetectionRange>
				
				<WanderArea>
					<Position>-114 25 -30</Position>
					<Size>80 1 70</Size>
					<useAxis>true false true</useAxis>
				</WanderArea>

				<WanderWaitTimes>3 5</WanderWaitTimes>
				<ZoneLock>true</ZoneLock>
			</AI>
		</Component>

		<Entity>
			<Name>Enemy1Idle</Name>
			<Component>
				<Transform>
					<Position>0.0 -5.35 0.0</Position>
					<Scale>0.25 0.25 0.25</Scale>
				</Transform>
				
				<AnimatedRenderer>
					<Mesh>Enemy1Idle</Mesh>
					<Texture>Enemy1_1</Texture>
				</AnimatedRenderer>
				
				<BoxCollider>
					<Mesh>Default</Mesh>
				</BoxCollider>
				
				<RigidBody>
					<Kinematic>true</Kinematic>
				</RigidBody>
			</Component>
		</Entity>
		
		<Entity>
			<Name>Enemy1Walk</Name>
			<Component>
				<Transform>
          			<Position>0.0 -5.35 0.0</Position>
					<Scale>0.25 0.25 0.25</Scale>
				</Transform>
				
				<AnimatedRenderer>
					<Mesh>Enemy1Walk</Mesh>
					<Texture>Enemy1_1</Texture>
					<Active>false</Active>
				</AnimatedRenderer>
				
				<BoxCollider>
					<Mesh>Default</Mesh>
				</BoxCollider>
				
				<RigidBody>
					<Kinematic>true</Kinematic>
				</RigidBody>
			</Component>
		</Entity>
	</Entity>

	<Entity>
		<Name>Enemy1</Name>
    	<Tag>Enemy</Tag>
		<Component>
			<Transform>
				<Position>-114 5 -30</Position>
				<Rotation>0 180 0</Rotation>
			</Transform>

			<BoxCollider>
        <Position>0 -3.3 0</Position>
        <Scale>3 4 2</Scale>
			</BoxCollider>

			<RigidBody>
				<Mass>50</Mass>
			</RigidBody>

			<AI>
				<MovementBehaviour>Patrol</MovementBehaviour>
				<DetectionBehaviour>Aggressive</DetectionBehaviour>
				<MoveSpeed>0.2</MoveSpeed>
				<DetectionRange>50</DetectionRange>
				<PatrolPath>
					<Node>-114 5 -40</Node>
					<Node>-114 5 -20</Node>
				</PatrolPath>
				<WanderWaitTimes>3 5</WanderWaitTimes>
			</AI>
		</Component>
    
		<Entity>
			<Name>Enemy1Idle</Name>
			<Component>
				<Transform>
					<Position>0.0 -5.35 0.0</Position>
					<Scale>0.25 0.25 0.25</Scale>
				</Transform>
				
				<AnimatedRenderer>
					<Mesh>Enemy1Idle</Mesh>
					<Texture>Enemy1_2</Texture>
				</AnimatedRenderer>
				
				<BoxCollider>
					<Mesh>Default</Mesh>
				</BoxCollider>
				
				<RigidBody>
					<Kinematic>true</Kinematic>
				</RigidBody>
			</Component>
		</Entity>
		
		<Entity>
			<Name>Enemy1Walk</Name>
			<Component>
				<Transform>
          			<Position>0.0 -5.35 0.0</Position>
					<Scale>0.25 0.25 0.25</Scale>
				</Transform>
				
				<AnimatedRenderer>
					<Mesh>Enemy1Walk</Mesh>
					<Texture>Enemy1_2</Texture>
					<Active>false</Active>
				</AnimatedRenderer>
				
				<BoxCollider>
					<Mesh>Default</Mesh>
				</BoxCollider>
				
				<RigidBody>
					<Kinematic>true</Kinematic>
				</RigidBody>
			</Component>
		</Entity>
	</Entity>


	<Entity>
		<Name>Enemy2</Name>
    	<Tag>Enemy</Tag>
		<Component>
			<Transform>
				<Position>-94 5 -30</Position>
				<Rotation>0 180 0</Rotation>
			</Transform>

			<BoxCollider>
        <Position>0 -3.3 0</Position>
        <Scale>3 4 2</Scale>
			</BoxCollider>

			<RigidBody>
				<Mass>50</Mass>
			</RigidBody>

			<AI>
				<MovementBehaviour>Patrol</MovementBehaviour>
				<DetectionBehaviour>Aggressive</DetectionBehaviour>
				<MoveSpeed>0.2</MoveSpeed>
				<DetectionRange>50</DetectionRange>
				<PatrolPath>
					<Node>-94 5 -20</Node>
					<Node>-94 5 -40</Node>
				</PatrolPath>
				<WanderWaitTimes>3 5</WanderWaitTimes>
			</AI>
		</Component>
        
		<Entity>
			<Name>Enemy1Idle</Name>
			<Component>
				<Transform>
					<Position>0.0 -5.35 0.0</Position>
					<Scale>0.25 0.25 0.25</Scale>
				</Transform>
				
				<AnimatedRenderer>
					<Mesh>Enemy1Idle</Mesh>
					<Texture>Enemy1_2</Texture>
				</AnimatedRenderer>
				
				<BoxCollider>
					<Mesh>Default</Mesh>
				</BoxCollider>
				
				<RigidBody>
					<Kinematic>true</Kinematic>
				</RigidBody>
			</Component>
		</Entity>
		
		<Entity>
			<Name>Enemy1Walk</Name>
			<Component>
				<Transform>
          			<Position>0.0 -5.35 0.0</Position>
					<Scale>0.25 0.25 0.25</Scale>
				</Transform>
				
				<AnimatedRenderer>
					<Mesh>Enemy1Walk</Mesh>
					<Texture>Enemy1_2</Texture>
					<Active>false</Active>
				</AnimatedRenderer>
				
				<BoxCollider>
					<Mesh>Default</Mesh>
				</BoxCollider>
				
				<RigidBody>
					<Kinematic>true</Kinematic>
				</RigidBody>
			</Component>
		</Entity>
	</Entity>

	<Entity>
		<Name>Enemy3</Name>
    	<Tag>Enemy</Tag>
		<Component>
			<Transform>
				<Position>-74 5 -40</Position>
				<Rotation>0 180 0</Rotation>
			</Transform>

			<BoxCollider>
        <Position>0 -3.3 0</Position>
        <Scale>3 4 2</Scale>
			</BoxCollider>

			<RigidBody>
				<Mass>50</Mass>
			</RigidBody>

			<AI>
				<MovementBehaviour>Patrol</MovementBehaviour>
				<DetectionBehaviour>Aggressive</DetectionBehaviour>
				<MoveSpeed>0.2</MoveSpeed>
				<DetectionRange>50</DetectionRange>
				<PatrolPath>
					<Node>-74 5 -20</Node>
					<Node>-74 5 -40</Node>
				</PatrolPath>
				<WanderWaitTimes>3 5</WanderWaitTimes>
			</AI>
		</Component>
    
		<Entity>
			<Name>Enemy1Idle</Name>
			<Component>
				<Transform>
					<Position>0.0 -5.35 0.0</Position>
					<Scale>0.25 0.25 0.25</Scale>
				</Transform>
				
				<AnimatedRenderer>
					<Mesh>Enemy1Idle</Mesh>
					<Texture>Enemy1_2</Texture>
				</AnimatedRenderer>
				
				<BoxCollider>
					<Mesh>Default</Mesh>
				</BoxCollider>
				
				<RigidBody>
					<Kinematic>true</Kinematic>
				</RigidBody>
			</Component>
		</Entity>
		
		<Entity>
			<Name>Enemy1Walk</Name>
			<Component>
				<Transform>
          			<Position>0.0 -5.35 0.0</Position>
					<Scale>0.25 0.25 0.25</Scale>
				</Transform>
				
				<AnimatedRenderer>
					<Mesh>Enemy1Walk</Mesh>
					<Texture>Enemy1_2</Texture>
					<Active>false</Active>
				</AnimatedRenderer>
				
				<BoxCollider>
					<Mesh>Default</Mesh>
				</BoxCollider>
				
				<RigidBody>
					<Kinematic>true</Kinematic>
				</RigidBody>
			</Component>
		</Entity>
	</Entity>

	<Entity>
		<Name>Enemy4</Name>
    	<Tag>Enemy</Tag>
		<Component>
			<Transform>
				<Position>-134 5 -40</Position>
				<Rotation>0 180 0</Rotation>
			</Transform>

			<BoxCollider>
        <Position>0 -3.3 0</Position>
        <Scale>3 4 2</Scale>
			</BoxCollider>

			<RigidBody>
				<Mass>50</Mass>
			</RigidBody>

			<AI>
				<MovementBehaviour>Patrol</MovementBehaviour>
				<DetectionBehaviour>Aggressive</DetectionBehaviour>
				<MoveSpeed>0.2</MoveSpeed>
				<DetectionRange>50</DetectionRange>
				<PatrolPath>
					<Node>-134 5 -20</Node>
					<Node>-134 5 -40</Node>
				</PatrolPath>
				<WanderWaitTimes>3 5</WanderWaitTimes>
			</AI>
		</Component>
    
		<Entity>
			<Name>Enemy1Idle</Name>
			<Component>
				<Transform>
					<Position>0.0 -5.35 0.0</Position>
					<Scale>0.25 0.25 0.25</Scale>
				</Transform>
				
				<AnimatedRenderer>
					<Mesh>Enemy1Idle</Mesh>
					<Texture>Enemy1_2</Texture>
				</AnimatedRenderer>
				
				<BoxCollider>
					<Mesh>Default</Mesh>
				</BoxCollider>
				
				<RigidBody>
					<Kinematic>true</Kinematic>
				</RigidBody>
			</Component>
		</Entity>
		
		<Entity>
			<Name>Enemy1Walk</Name>
			<Component>
				<Transform>
          			<Position>0.0 -5.35 0.0</Position>
					<Scale>0.25 0.25 0.25</Scale>
				</Transform>
				
				<AnimatedRenderer>
					<Mesh>Enemy1Walk</Mesh>
					<Texture>Enemy1_2</Texture>
					<Active>false</Active>
				</AnimatedRenderer>
				
				<BoxCollider>
					<Mesh>Default</Mesh>
				</BoxCollider>
				
				<RigidBody>
					<Kinematic>true</Kinematic>
				</RigidBody>
			</Component>
		</Entity>
	</Entity>

	<Entity>
		<Name>Enemy5</Name>
    	<Tag>Enemy</Tag>
		<Component>
			<Transform>
				<Position>-154 5 -35</Position>
				<Rotation>0 180 0</Rotation>
			</Transform>

			<BoxCollider>
        <Position>0 -3.3 0</Position>
        <Scale>3 4 2</Scale>
			</BoxCollider>

			<RigidBody>
				<Mass>50</Mass>
			</RigidBody>

			<AI>
				<MovementBehaviour>Patrol</MovementBehaviour>
				<DetectionBehaviour>Aggressive</DetectionBehaviour>
				<MoveSpeed>0.2</MoveSpeed>
				<DetectionRange>50</DetectionRange>
				<PatrolPath>
					<Node>-154 5 -40</Node>
					<Node>-154 5 -20</Node>
				</PatrolPath>
				<WanderWaitTimes>3 5</WanderWaitTimes>
			</AI>
		</Component>
    
		<Entity>
			<Name>Enemy1Idle</Name>
			<Component>
				<Transform>
					<Position>0.0 -5.35 0.0</Position>
					<Scale>0.25 0.25 0.25</Scale>
				</Transform>
				
				<AnimatedRenderer>
					<Mesh>Enemy1Idle</Mesh>
					<Texture>Enemy1_2</Texture>
				</AnimatedRenderer>
				
				<BoxCollider>
					<Mesh>Default</Mesh>
				</BoxCollider>
				
				<RigidBody>
					<Kinematic>true</Kinematic>
				</RigidBody>
			</Component>
		</Entity>
		
		<Entity>
			<Name>Enemy1Walk</Name>
			<Component>
				<Transform>
          			<Position>0.0 -5.35 0.0</Position>
					<Scale>0.25 0.25 0.25</Scale>
				</Transform>
				
				<AnimatedRenderer>
					<Mesh>Enemy1Walk</Mesh>
					<Texture>Enemy1_2</Texture>
					<Active>false</Active>
				</AnimatedRenderer>
				
				<BoxCollider>
					<Mesh>Default</Mesh>
				</BoxCollider>
				
				<RigidBody>
					<Kinematic>true</Kinematic>
				</RigidBody>
			</Component>
		</Entity>
	</Entity>

	<Entity>
		<Name>WindMillBox</Name>
		<Component>
			<Transform>
				<Position>130 27 -10</Position>
				<Scale>100 60 100</Scale>
			</Transform>

			<Mesh>
				<Directory>Cube</Directory>
			</Mesh>

			<Renderer>
				<Texture>
					<Diffuse>Platform</Diffuse>
				</Texture>
			</Renderer>

			<BoxCollider></BoxCollider>

			<RigidBody>
				<Kinematic>true</Kinematic>
			</RigidBody>
		</Component>
	</Entity>
	
	<Entity>
		<Name>WindMillPlatform1</Name>
		<Tag>MovingPlatform</Tag>
		<Component>
			<Transform>
				<Position>72 5 -10</Position>
				<Scale>10 5 10</Scale>
			</Transform>

			<Mesh>
				<Directory>Cube</Directory>
			</Mesh>

			<Renderer>
				<Texture>
					<Diffuse>Platform</Diffuse>
				</Texture>
			</Renderer>

			<BoxCollider></BoxCollider>

			<RigidBody>
				<Kinematic>true</Kinematic>
			</RigidBody>
			
			<AI>
				<MovementBehaviour>Patrol</MovementBehaviour>
				<DetectionBehaviour>None</DetectionBehaviour>
				<MoveSpeed>0.3</MoveSpeed>
				<DetectionRange>50</DetectionRange>
				
				<PatrolPath>
					<Node>72 5 -10</Node>
					<Node>72 25 15</Node>
					<Node>72 45 -10</Node>
					<Node>72 25 -35</Node>
					<Node>72 5 -10</Node>
				</PatrolPath>
				
				<disableRotate>true</disableRotate>
			</AI>
		</Component>
	</Entity>
	
	<Entity>
		<Name>WindMillPlatform2</Name>
		<Tag>MovingPlatform</Tag>
		<Component>
			<Transform>
				<Position>72 25 15</Position>
				<Scale>10 5 10</Scale>
			</Transform>

			<Mesh>
				<Directory>Cube</Directory>
			</Mesh>

			<Renderer>
				<Texture>
					<Diffuse>Platform</Diffuse>
				</Texture>
			</Renderer>

			<BoxCollider></BoxCollider>

			<RigidBody>
				<Kinematic>true</Kinematic>
			</RigidBody>
			
			<AI>
				<MovementBehaviour>Patrol</MovementBehaviour>
				<DetectionBehaviour>None</DetectionBehaviour>
				<MoveSpeed>0.3</MoveSpeed>
				<DetectionRange>50</DetectionRange>
				
				<PatrolPath>
					<Node>72 25 15</Node>
					<Node>72 45 -10</Node>
					<Node>72 25 -35</Node>
					<Node>72 5 -10</Node>
					<Node>72 25 15</Node>
				</PatrolPath>
				
				<disableRotate>true</disableRotate>
			</AI>
		</Component>
	</Entity>
	
	<Entity>
		<Name>WindMillPlatform3</Name>
		<Tag>MovingPlatform</Tag>
		<Component>
			<Transform>
				<Position>72 45 -10</Position>
				<Scale>10 5 10</Scale>
			</Transform>

			<Mesh>
				<Directory>Cube</Directory>
			</Mesh>

			<Renderer>
				<Texture>
					<Diffuse>Platform</Diffuse>
				</Texture>
			</Renderer>

			<BoxCollider></BoxCollider>

			<RigidBody>
				<Kinematic>true</Kinematic>
			</RigidBody>
			
			<AI>
				<MovementBehaviour>Patrol</MovementBehaviour>
				<DetectionBehaviour>None</DetectionBehaviour>
				<MoveSpeed>0.3</MoveSpeed>
				<DetectionRange>50</DetectionRange>
				
				<PatrolPath>
					<Node>72 45 -10</Node>
					<Node>72 25 -35</Node>
					<Node>72 5 -10</Node>
					<Node>72 25 15</Node>
					<Node>72 45 -10</Node>
				</PatrolPath>
				
				<disableRotate>true</disableRotate>
			</AI>
		</Component>
	</Entity>
	
	<Entity>
		<Name>WindMillPlatform4</Name>
		<Tag>MovingPlatform</Tag>
		<Component>
			<Transform>
				<Position>72 25 -35</Position>
				<Scale>10 5 10</Scale>
			</Transform>

			<Mesh>
				<Directory>Cube</Directory>
			</Mesh>

			<Renderer>
				<Texture>
					<Diffuse>Platform</Diffuse>
				</Texture>
			</Renderer>

			<BoxCollider></BoxCollider>

			<RigidBody>
				<Kinematic>true</Kinematic>
			</RigidBody>
			
			<AI>
				<MovementBehaviour>Patrol</MovementBehaviour>
				<DetectionBehaviour>None</DetectionBehaviour>
				<MoveSpeed>0.3</MoveSpeed>
				<DetectionRange>50</DetectionRange>
				
				<PatrolPath>
					<Node>72 25 -35</Node>
					<Node>72 5 -10</Node>
					<Node>72 25 15</Node>
					<Node>72 45 -10</Node>
					<Node>72 25 -35</Node>
				</PatrolPath>
				
				<disableRotate>true</disableRotate>
			</AI>
		</Component>
	</Entity>
	
	<Entity>
		<Name>TowerBox1</Name>
		<Component>
			<Transform>
				<Position>130 62 -10</Position>
				<Scale>80 10 80</Scale>
			</Transform>

			<Mesh>
				<Directory>Cube</Directory>
			</Mesh>

			<Renderer>
				<Texture>
					<Diffuse>Platform</Diffuse>
				</Texture>
			</Renderer>

			<BoxCollider></BoxCollider>

			<RigidBody>
				<Kinematic>true</Kinematic>
			</RigidBody>
		</Component>
	</Entity>
	
	<Entity>
		<Name>TowerBox2</Name>
		<Component>
			<Transform>
				<Position>130 112 -10</Position>
				<Scale>20 100 20</Scale>
			</Transform>

			<Mesh>
				<Directory>Cube</Directory>
			</Mesh>

			<Renderer>
				<Texture>
					<Diffuse>Platform</Diffuse>
				</Texture>
			</Renderer>

			<BoxCollider></BoxCollider>

			<RigidBody>
				<Kinematic>true</Kinematic>
			</RigidBody>
		</Component>
	</Entity>

	<Entity>
		<Name>TowerPlatform1</Name>
		<Tag>MovingPlatform</Tag>
		<Component>
			<Transform>
				<Position>155 75 20</Position>
				<Scale>10 5 10</Scale>
			</Transform>

			<Mesh>
				<Directory>Cube</Directory>
			</Mesh>

			<Renderer>
				<Texture>
					<Diffuse>Platform</Diffuse>
				</Texture>
			</Renderer>

			<BoxCollider></BoxCollider>

			<RigidBody>
				<Kinematic>true</Kinematic>
			</RigidBody>
			
			<AI>
				<MovementBehaviour>Patrol</MovementBehaviour>
				<DetectionBehaviour>None</DetectionBehaviour>
				<MoveSpeed>0.3</MoveSpeed>
				<DetectionRange>50</DetectionRange>
				
				<PatrolPath>
					<Node>155 75 20</Node>
					<Node>105 75 20</Node>
					<Node>105 75 -40</Node>
					<Node>155 75 -40</Node>
					<Node>155 75 20</Node>
				</PatrolPath>
				
				<disableRotate>true</disableRotate>
			</AI>
		</Component>
	</Entity>
	
	<Entity>
		<Name>TowerPlatform2</Name>
		<Tag>MovingPlatform</Tag>
		<Component>
			<Transform>
				<Position>105 95 20</Position>
				<Scale>10 5 10</Scale>
			</Transform>

			<Mesh>
				<Directory>Cube</Directory>
			</Mesh>

			<Renderer>
				<Texture>
					<Diffuse>Platform</Diffuse>
				</Texture>
			</Renderer>

			<BoxCollider></BoxCollider>

			<RigidBody>
				<Kinematic>true</Kinematic>
			</RigidBody>
			
			<AI>
				<MovementBehaviour>Patrol</MovementBehaviour>
				<DetectionBehaviour>None</DetectionBehaviour>
				<MoveSpeed>0.3</MoveSpeed>
				<DetectionRange>50</DetectionRange>
				
				<PatrolPath>
					<Node>105 95 20</Node>
					<Node>155 95 20</Node>
					<Node>155 95 -40</Node>
					<Node>105 95 -40</Node>
					<Node>105 95 20</Node>
					
				</PatrolPath>
				
				<disableRotate>true</disableRotate>
			</AI>
		</Component>
	</Entity>
	
	<Entity>
		<Name>TowerPlatform3</Name>
		<Tag>MovingPlatform</Tag>
		<Component>
			<Transform>
				<Position>105 115 -40</Position>
				<Scale>10 5 10</Scale>
			</Transform>

			<Mesh>
				<Directory>Cube</Directory>
			</Mesh>

			<Renderer>
				<Texture>
					<Diffuse>Platform</Diffuse>
				</Texture>
			</Renderer>

			<BoxCollider></BoxCollider>

			<RigidBody>
				<Kinematic>true</Kinematic>
			</RigidBody>
			
			<AI>
				<MovementBehaviour>Patrol</MovementBehaviour>
				<DetectionBehaviour>None</DetectionBehaviour>
				<MoveSpeed>0.3</MoveSpeed>
				<DetectionRange>50</DetectionRange>
				
				<PatrolPath>
					<Node>105 115 -40</Node>
					<Node>155 115 -40</Node>
					<Node>155 115 20</Node>
					<Node>105 115 20</Node>
					<Node>105 115 -40</Node>
				</PatrolPath>
				
				<disableRotate>true</disableRotate>
			</AI>
		</Component>
	</Entity>
	
	<Entity>
		<Name>TowerPlatform4</Name>
		<Tag>MovingPlatform</Tag>
		<Component>
			<Transform>
				<Position>155 135 -40</Position>
				<Scale>10 5 10</Scale>
			</Transform>

			<Mesh>
				<Directory>Cube</Directory>
			</Mesh>

			<Renderer>
				<Texture>
					<Diffuse>Platform</Diffuse>
				</Texture>
			</Renderer>

			<BoxCollider></BoxCollider>

			<RigidBody>
				<Kinematic>true</Kinematic>
			</RigidBody>
			
			<AI>
				<MovementBehaviour>Patrol</MovementBehaviour>
				<DetectionBehaviour>None</DetectionBehaviour>
				<MoveSpeed>0.3</MoveSpeed>
				<DetectionRange>50</DetectionRange>
				
				<PatrolPath>
					<Node>105 135 20</Node>
					<Node>155 135 20</Node>
					<Node>155 135 -40</Node>
					<Node>105 135 -40</Node>
					<Node>105 135 20</Node>
				</PatrolPath>
				
				<disableRotate>true</disableRotate>
			</AI>
		</Component>
	</Entity>

	<Entity>
		<Name>TowerPlatform5</Name>
		<Tag>MovingPlatform</Tag>
		<Component>
			<Transform>
				<Position>155 155 -40</Position>
				<Scale>10 5 10</Scale>
			</Transform>

			<Mesh>
				<Directory>Cube</Directory>
			</Mesh>

			<Renderer>
				<Texture>
					<Diffuse>Platform</Diffuse>
				</Texture>
			</Renderer>

			<BoxCollider></BoxCollider>

			<RigidBody>
				<Kinematic>true</Kinematic>
			</RigidBody>
			
			<AI>
				<MovementBehaviour>Patrol</MovementBehaviour>
				<DetectionBehaviour>None</DetectionBehaviour>
				<MoveSpeed>0.3</MoveSpeed>
				<DetectionRange>50</DetectionRange>
				
				<PatrolPath>
					<Node>155 155 -40</Node>
					<Node>155 155 20</Node>
					<Node>105 155 20</Node>
					<Node>105 155 -40</Node>
					<Node>155 155 -40</Node>
				</PatrolPath>
				
				<disableRotate>true</disableRotate>
			</AI>
		</Component>
	</Entity>

	<Entity>
		<Name>BalanceBox1</Name>
		<Component>
			<Transform>
				<Position>-10 5 -9</Position>
				<Scale>10 10 10</Scale>
			</Transform>

			<Mesh>
				<Directory>Cube</Directory>
			</Mesh>

			<Renderer>
				<Texture>
					<Diffuse>Platform</Diffuse>
				</Texture>
			</Renderer>

			<BoxCollider></BoxCollider>

			<RigidBody>
				<Kinematic>true</Kinematic>
			</RigidBody>
		</Component>
	</Entity>
	
	<Entity>
		<Name>BalanceBox2</Name>
		<Component>
			<Transform>
				<Position>0 6.3 -9</Position>
				<Scale>10 13 10</Scale>
			</Transform>

			<Mesh>
				<Directory>Cube</Directory>
			</Mesh>

			<Renderer>
				<Texture>
					<Diffuse>Platform</Diffuse>
				</Texture>
			</Renderer>

			<BoxCollider></BoxCollider>

			<RigidBody>
				<Kinematic>true</Kinematic>
			</RigidBody>
		</Component>
	</Entity>
	
	<Entity>
		<Name>BalanceBox3</Name>
		<Component>
			<Transform>
				<Position>0 18 4.5</Position>
				<Scale>10 10 37</Scale>
			</Transform>

			<Mesh>
				<Directory>Cube</Directory>
			</Mesh>

			<Renderer>
				<Texture>
					<Diffuse>Platform</Diffuse>
				</Texture>
			</Renderer>

			<BoxCollider></BoxCollider>

			<RigidBody>
				<Kinematic>true</Kinematic>
			</RigidBody>
		</Component>
	</Entity>
	
	<Entity>
		<Name>BalanceBox4</Name>
		<Component>
			<Transform>
				<Position>0 20.5 28</Position>
				<Scale>10 40 10</Scale>
			</Transform>

			<Mesh>
				<Directory>Cube</Directory>
			</Mesh>

			<Renderer>
				<Texture>
					<Diffuse>Platform</Diffuse>
				</Texture>
			</Renderer>

			<BoxCollider></BoxCollider>

			<RigidBody>
				<Kinematic>true</Kinematic>
			</RigidBody>
		</Component>
	</Entity>
	
	<Entity>
		<Name>BalanceBox5</Name>
		<Component>
			<Transform>
				<Position>-29 35.5 28</Position>
				<Scale>25 10 10</Scale>
			</Transform>

			<Mesh>
				<Directory>Cube</Directory>
			</Mesh>

			<Renderer>
				<Texture>
					<Diffuse>Platform</Diffuse>
				</Texture>
			</Renderer>

			<BoxCollider></BoxCollider>

			<RigidBody>
				<Kinematic>true</Kinematic>
			</RigidBody>
		</Component>
	</Entity>
	
	<Entity>
		<Name>BalanceBox6</Name>
		<Component>
			<Transform>
				<Position>-58 20.5 28</Position>
				<Scale>10 40 10</Scale>
			</Transform>

			<Mesh>
				<Directory>Cube</Directory>
			</Mesh>

			<Renderer>
				<Texture>
					<Diffuse>Platform</Diffuse>
				</Texture>
			</Renderer>

			<BoxCollider></BoxCollider>

			<RigidBody>
				<Kinematic>true</Kinematic>
			</RigidBody>
		</Component>
	</Entity>
	
	<Entity>
		<Name>PlatformSpinBox1</Name>
		<Component>
			<Transform>
				<Position>-117 33 72</Position>
				<Scale>30 10 30</Scale>
			</Transform>

			<Mesh>
				<Directory>Cube</Directory>
			</Mesh>

			<Renderer>
				<Texture>
					<Diffuse>Platform</Diffuse>
				</Texture>
			</Renderer>

			<BoxCollider></BoxCollider>

			<RigidBody>
				<Kinematic>true</Kinematic>
			</RigidBody>
		</Component>
	</Entity>
	
	<Entity>
		<Name>PlatformSpinPlatform1</Name>
		<Tag>MovingPlatform</Tag>
		<Component>
			<Transform>
				<Position>-95 35 50</Position>
				<Scale>10 5 10</Scale>
			</Transform>

			<Mesh>
				<Directory>Cube</Directory>
			</Mesh>

			<Renderer>
				<Texture>
					<Diffuse>Platform</Diffuse>
				</Texture>
			</Renderer>

			<BoxCollider></BoxCollider>

			<RigidBody>
				<Kinematic>true</Kinematic>
			</RigidBody>
			
			<AI>
				<MovementBehaviour>Patrol</MovementBehaviour>
				<DetectionBehaviour>None</DetectionBehaviour>
				<MoveSpeed>0.3</MoveSpeed>
				<DetectionRange>50</DetectionRange>
				
				<PatrolPath>
					<Node>-95 35 50</Node>
					<Node>-95 35 95</Node>
					<Node>-140 35 95</Node>
					<Node>-140 35 50</Node>
					<Node>-95 35 50</Node>
				</PatrolPath>
				
				<disableRotate>true</disableRotate>
			</AI>
		</Component>
	</Entity>

	<Entity>
		<Name>PlatformSpinPlatform2</Name>
		<Tag>MovingPlatform</Tag>
		<Component>
			<Transform>
				<Position>-151 35 40</Position>
				<Scale>10 5 10</Scale>
			</Transform>

			<Mesh>
				<Directory>Cube</Directory>
			</Mesh>

			<Renderer>
				<Texture>
					<Diffuse>Platform</Diffuse>
				</Texture>
			</Renderer>

			<BoxCollider></BoxCollider>

			<RigidBody>
				<Kinematic>true</Kinematic>
			</RigidBody>
			
			<AI>
				<MovementBehaviour>Patrol</MovementBehaviour>
				<DetectionBehaviour>None</DetectionBehaviour>
				<MoveSpeed>0.3</MoveSpeed>
				<DetectionRange>50</DetectionRange>
				
				<PatrolPath>
					<Node>-151 35 40</Node>
					<Node>-151 35 110</Node>
					<Node>-85 35 110</Node>
					<Node>-85 35 40</Node>
					<Node>-151 35 40</Node>
				
				</PatrolPath>
				
				<disableRotate>true</disableRotate>
			</AI>
		</Component>
	</Entity>

	<Entity>
		<Name>WobbleBox1</Name>
		<Component>
			<Transform>
				<Position>-20 20 115</Position>
				<Scale>100 40 30</Scale>
			</Transform>

			<Mesh>
				<Directory>Cube</Directory>
			</Mesh>

			<Renderer>
				<Texture>
					<Diffuse>Platform</Diffuse>
				</Texture>
			</Renderer>

			<BoxCollider></BoxCollider>

			<RigidBody>
				<Kinematic>true</Kinematic>
			</RigidBody>
		</Component>
	</Entity>

	<Entity>
		<Name>WobblePlatform1</Name>
		<Tag>MovingPlatform</Tag>
		<Component>
			<Transform>
				<Position>0 35 45</Position>
				<Scale>10 5 10</Scale>
			</Transform>

			<Mesh>
				<Directory>Cube</Directory>
			</Mesh>

			<Renderer>
				<Texture>
					<Diffuse>Platform</Diffuse>
				</Texture>
			</Renderer>

			<BoxCollider></BoxCollider>

			<RigidBody>
				<Kinematic>true</Kinematic>
			</RigidBody>
			
			<AI>
				<MovementBehaviour>Patrol</MovementBehaviour>
				<DetectionBehaviour>None</DetectionBehaviour>
				<MoveSpeed>0.3</MoveSpeed>
				<DetectionRange>50</DetectionRange>
				
				<PatrolPath>
					<Node>0 35 45</Node>
					<Node>-60 35 45</Node>
					
				
				</PatrolPath>
				
				<disableRotate>true</disableRotate>
			</AI>
		</Component>
	</Entity>

	<Entity>
		<Name>WobblePlatform2</Name>
		<Tag>MovingPlatform</Tag>
		<Component>
			<Transform>
				<Position>60 35 60</Position>
				<Scale>10 5 10</Scale>
			</Transform>

			<Mesh>
				<Directory>Cube</Directory>
			</Mesh>

			<Renderer>
				<Texture>
					<Diffuse>Platform</Diffuse>
				</Texture>
			</Renderer>

			<BoxCollider></BoxCollider>

			<RigidBody>
				<Kinematic>true</Kinematic>
			</RigidBody>
			
			<AI>
				<MovementBehaviour>Patrol</MovementBehaviour>
				<DetectionBehaviour>None</DetectionBehaviour>
				<MoveSpeed>0.3</MoveSpeed>
				<DetectionRange>50</DetectionRange>
				
				<PatrolPath>
					<Node>0 35 60</Node>
					<Node>-60 35 60</Node>
					
				
				</PatrolPath>
				
				<disableRotate>true</disableRotate>
			</AI>
		</Component>
	</Entity>

	<Entity>
		<Name>WobblePlatform3</Name>
		<Tag>MovingPlatform</Tag>
		<Component>
			<Transform>
				<Position>-20 35 75</Position>
				<Scale>10 5 10</Scale>
			</Transform>

			<Mesh>
				<Directory>Cube</Directory>
			</Mesh>

			<Renderer>
				<Texture>
					<Diffuse>Platform</Diffuse>
				</Texture>
			</Renderer>

			<BoxCollider></BoxCollider>

			<RigidBody>
				<Kinematic>true</Kinematic>
			</RigidBody>
			
			<AI>
				<MovementBehaviour>Patrol</MovementBehaviour>
				<DetectionBehaviour>None</DetectionBehaviour>
				<MoveSpeed>0.3</MoveSpeed>
				<DetectionRange>50</DetectionRange>
				
				<PatrolPath>
					<Node>0 35 75</Node>
					<Node>-60 35 75</Node>
				</PatrolPath>
				
				<disableRotate>true</disableRotate>
			</AI>
		</Component>
	</Entity>

	<Entity>
		<Name>WobblePlatform4</Name>
		<Tag>MovingPlatform</Tag>
		<Component>
			<Transform>
				<Position>40 35 120</Position>
				<Scale>10 5 10</Scale>
			</Transform>

			<Mesh>
				<Directory>Cube</Directory>
			</Mesh>

			<Renderer>
				<Texture>
					<Diffuse>Platform</Diffuse>
				</Texture>
			</Renderer>

			<BoxCollider></BoxCollider>

			<RigidBody>
				<Kinematic>true</Kinematic>
			</RigidBody>
			
			<AI>
				<MovementBehaviour>Patrol</MovementBehaviour>
				<DetectionBehaviour>None</DetectionBehaviour>
				<MoveSpeed>0.3</MoveSpeed>
				<DetectionRange>50</DetectionRange>
				
				<PatrolPath>
					<Node>40 35 120</Node>
					<Node>130 55 50</Node>
					
				
				</PatrolPath>
				
				<disableRotate>true</disableRotate>
			</AI>
		</Component>
	</Entity>
</Scene>