<?xml 
  version="1.0"
  encoding="UTF-8"
  standalone="yes"
?>

<Scene>
  <Lighting>
		<Fog>
			<Density>0.003</Density> 
			<Colour>0.5 0.5 0.5</Colour>
		</Fog>
		<Light>
			<Ambient>0.6 0.6 0.6</Ambient>
			<Specular>0.8 0.8 0.8</Specular>
			<Position>0 300 200</Position>
		</Light>
	</Lighting>
  
	<Entity>
		<Name>Camera</Name>
		<Component>
			<Transform>
				<Rotation>140</Rotation>
			</Transform>
			<Camera></Camera>
		</Component>
	</Entity>
	
	<Entity>
		<Name>Skybox</Name>
		<Component>
			<Transform>
				<Position>0 0 10</Position>
				<Scale>500 500 500</Scale>
			</Transform>
			<Skybox></Skybox>
		</Component>
	</Entity>

  <Entity>
    <Name>BoxTest1</Name>
    <Component>
      <Transform>
        <Position>250 150 800</Position>
        <Scale>2 2 2</Scale>
      </Transform>

      <Mesh>
        <Directory>Cube</Directory>
      </Mesh>

      <Renderer>
        <Texture>
          <Diffuse>Platform</Diffuse>
          <Use>true</Use>
        </Texture>
      </Renderer>

      <BoxCollider></BoxCollider>

      <RigidBody>
        <Kinematic>true</Kinematic>
        <CollisionTrigger>
          <EffectTeleport>200 180 800</EffectTeleport>
        </CollisionTrigger>
      </RigidBody>
    </Component>
  </Entity>

  <Entity>
    <Name>BoxTest2</Name>
    <Component>
      <Transform>
        <Position>225 150 800</Position>
        <Scale>2 2 2</Scale>
      </Transform>

      <Mesh>
        <Directory>Cube</Directory>
      </Mesh>

      <Renderer>
        <Texture>
          <Diffuse>Platform</Diffuse>
          <Use>true</Use>
        </Texture>
      </Renderer>

      <BoxCollider></BoxCollider>

      <RigidBody>
        <Kinematic>true</Kinematic>
        <CollisionTrigger>
          <EffectPush>
            <Push>0 100 0</Push>
            <Relative>false</Relative>
          </EffectPush>
        </CollisionTrigger>
      </RigidBody>
    </Component>
  </Entity>

  <Entity>
    <Name>BoxTest3</Name>
    <Component>
      <Transform>
        <Position>238 150 800</Position>
        <Scale>2 2 2</Scale>
      </Transform>

      <Mesh>
        <Directory>Cube</Directory>
      </Mesh>

      <Renderer>
        <Texture>
          <Diffuse>Platform</Diffuse>
          <Use>true</Use>
        </Texture>
      </Renderer>

      <BoxCollider></BoxCollider>

      <RigidBody>
        <Kinematic>true</Kinematic>
        <CollisionTrigger>
          <EffectConst>
            <Target>BoxTest3</Target>
            <Effect>
              <EffectChain>
                <Effect>
                  <EffectKey>
                    <TargetActive>false</TargetActive>
                    <Renderer>true</Renderer>
                    <Collider>true</Collider>
                  </EffectKey>
                </Effect>

                <Effect>
                  <EffectDelay>
                    <Delay>10.0</Delay>
                    <Effect>
                      <EffectKey>
                        <TargetActive>true</TargetActive>
                        <Renderer>true</Renderer>
                        <Collider>true</Collider>
                      </EffectKey>
                    </Effect>
                  </EffectDelay>
                </Effect>

              </EffectChain>
            </Effect>
          </EffectConst>
        </CollisionTrigger>
      </RigidBody>
    </Component>
  </Entity>

  <Entity>
    <Name>BoxTest4</Name>
    <Component>
      <Transform>
        <Position>212 150 800</Position>
        <Scale>2 2 2</Scale>
      </Transform>

      <Mesh>
        <Directory>Cube</Directory>
      </Mesh>

      <Renderer>
        <Texture>
          <Diffuse>Platform</Diffuse>
          <Use>true</Use>
        </Texture>
      </Renderer>

      <BoxCollider></BoxCollider>

      <RigidBody>
        <Kinematic>true</Kinematic>
        <CollisionTrigger>
          <EffectOnce>
          <EffectResize>
            <Scale>2 2 2</Scale>
            <Relative/>
            <AndChildren/>
          </EffectResize>
          </EffectOnce>
        </CollisionTrigger>
      </RigidBody>
    </Component>
  </Entity>

  
  <Entity>
		<Name>Robot</Name>
		<Component>
			<Transform>
				<Position>-55 231 80</Position>
				<Rotation>0 180 0</Rotation>
			</Transform>

			<BoxCollider>
				<Position>0 -1.3 0</Position>
				<Scale>3 8 2</Scale>
			</BoxCollider>

			<RigidBody>
				<Mass>50</Mass>
        <GroundedTrigger><EffectConst>
            <Target>Robot</Target>
            <Effect><EffectDelay>
              <Delay>0.1</Delay>
              <Effect><EffectAudio>
                <Play>1</Play>
              </EffectAudio></Effect>
            </EffectDelay></Effect>
        </EffectConst></GroundedTrigger>
			</RigidBody>

			<Audio>
				<Music>
					<Directory>ptato Theme.wav</Directory>
					<Loop>true</Loop>
				</Music>
				
				<Sound>
					<Directory>bleep.wav</Directory>
					<Loop>false</Loop>
				</Sound>
			</Audio>
		</Component>
		
		<Entity>
			<Name>PlayerIdle</Name>
			<Component>
				<Transform>
					<Position>0.0 -5.35 0.0</Position>
					<Scale>0.25 0.25 0.25</Scale>
				</Transform>
				
				<AnimatedRenderer>
					<Mesh>PlayerIdle</Mesh>
					<Texture>Player</Texture>
				</AnimatedRenderer>
				
				<BoxCollider>
					<Mesh>Default</Mesh>
				</BoxCollider>
				
				<RigidBody>
					<Kinematic>true</Kinematic>
				</RigidBody>
			</Component>
		</Entity>
		
		<Entity>
			<Name>PlayerWalk</Name>
			<Component>
				<Transform>
          <Position>0.0 -5.35 0.0</Position>
					<Scale>0.25 0.25 0.25</Scale>
				</Transform>
				
				<AnimatedRenderer>
					<Mesh>PlayerWalk</Mesh>
					<Texture>Player</Texture>
					<Active>false</Active>
				</AnimatedRenderer>
				
				<BoxCollider>
					<Mesh>Default</Mesh>
				</BoxCollider>
				
				<RigidBody>
					<Kinematic>true</Kinematic>
				</RigidBody>
			</Component>
		</Entity>
		
		<Entity>
			<Name>PlayerJump</Name>
			<Component>
				<Transform>
          <Position>0.0 -5.35 0.0</Position>
					<Scale>0.25 0.25 0.25</Scale>
				</Transform>
				
				<AnimatedRenderer>
					<Mesh>PlayerJump</Mesh>
					<Texture>Player</Texture>
					<Active>false</Active>
				</AnimatedRenderer>
				
				<BoxCollider>
					<Mesh>Default</Mesh>
				</BoxCollider>
				
				<RigidBody>
					<Kinematic>true</Kinematic>
				</RigidBody>
			</Component>
		</Entity>
	</Entity>
	
  <KeyboardTrigger>
  <SpecialKey>Enter</SpecialKey>
  <Type>Pressed</Type>
    <Effect><EffectConst>
        <Target>Robot</Target>
        <Effect><EffectChain>
            <Effect><EffectPush>
                <Push>100 0 0</Push>
                <Relative>false</Relative>
              </EffectPush></Effect>
            <Effect><EffectAudio>
              <Play>1</Play>              
            </EffectAudio></Effect>
        </EffectChain></Effect>
    </EffectConst></Effect>
  </KeyboardTrigger>
  
	<Entity>
		<Name>Box1</Name>
		<Component>
			<Transform>
				<Position>0 25 0</Position>
				<Scale>80 50 40</Scale>
			</Transform>

			<Mesh>
				<Directory>Cube</Directory>
			</Mesh>

			<Renderer>
				<Texture>
					<Diffuse>Platform</Diffuse>
					<Use>true</Use>
				</Texture>
			</Renderer>

			<BoxCollider></BoxCollider>

			<RigidBody>
				<Kinematic>true</Kinematic>
			</RigidBody>
		</Component>
	</Entity>
	
	<Entity>
		<Name>Box2</Name>
		<Component>
			<Transform>
				<Position>90 25 -5</Position>
				<Scale>50 50 20</Scale>
			</Transform>

			<Mesh>
				<Directory>Cube</Directory>
			</Mesh>

			<Renderer>
				<Texture>
					<Diffuse>Platform</Diffuse>
					<Use>true</Use>
				</Texture>
			</Renderer>

			<BoxCollider></BoxCollider>

			<RigidBody>
				<Kinematic>true</Kinematic>
			</RigidBody>
		</Component>
	</Entity>
	
	<Entity>
		<Name>Box3</Name>
		<Component>
			<Transform>
				<Position>145 25 30</Position>
				<Scale>25 50 25</Scale>
			</Transform>

			<Mesh>
				<Directory>Cube</Directory>
			</Mesh>

			<Renderer>
				<Texture>
					<Diffuse>Platform</Diffuse>
					<Use>true</Use>
				</Texture>
			</Renderer>

			<BoxCollider></BoxCollider>

			<RigidBody>
				<Kinematic>true</Kinematic>
			</RigidBody>
		</Component>
	</Entity>
	
	<Entity>
		<Name>Box4</Name>
		<Component>
			<Transform>
				<Position>100 25 65</Position>
				<Scale>25 50 25</Scale>
			</Transform>

			<Mesh>
				<Directory>Cube</Directory>
			</Mesh>

			<Renderer>
				<Texture>
					<Diffuse>Platform</Diffuse>
					<Use>true</Use>
				</Texture>
			</Renderer>

			<BoxCollider></BoxCollider>

			<RigidBody>
				<Kinematic>true</Kinematic>
			</RigidBody>
		</Component>
	</Entity>
	
	<Entity>
		<Name>Box5</Name>
		<Component>
			<Transform>
				<Position>50 25 120</Position>
				<Scale>25 50 90</Scale>
			</Transform>

			<Mesh>
				<Directory>Cube</Directory>
			</Mesh>

			<Renderer>
				<Texture>
					<Diffuse>Platform</Diffuse>
					<Use>true</Use>
				</Texture>
			</Renderer>

			<BoxCollider></BoxCollider>

			<RigidBody>
				<Kinematic>true</Kinematic>
			</RigidBody>
		</Component>
	</Entity>
	
	<Entity>
		<Name>Box6</Name>
		<Component>
			<Transform>
				<Position>75 20 195</Position>
				<Scale>25 10 25</Scale>
			</Transform>

			<Mesh>
				<Directory>Cube</Directory>
			</Mesh>

			<Renderer>
				<Texture>
					<Diffuse>Platform</Diffuse>
					<Use>true</Use>
				</Texture>
			</Renderer>

			<BoxCollider></BoxCollider>

			<RigidBody>
				<Kinematic>true</Kinematic>
			</RigidBody>
			
			<AI>
				<MovementBehaviour>Patrol</MovementBehaviour>
				<DetectionBehaviour>None</DetectionBehaviour>
        <MotionBehaviour>Position</MotionBehaviour>
				<MoveSpeed>0.3</MoveSpeed>
				<DetectionRange>50</DetectionRange>
				
				<PatrolPath>
					<Node>50 20 180</Node>
					<Node>130 15 245</Node>
					<Node>195 10 270</Node>
					<Node>325 15 240</Node>
				</PatrolPath>
				
				<disableRotate>true</disableRotate>
			</AI>
		</Component>
	</Entity>
	
	<Entity>
		<Name>Box7</Name>
		<Component>
			<Transform>
				<Position>325 20 160</Position>
				<Scale>25 40 140</Scale>
			</Transform>

			<Mesh>
				<Directory>Cube</Directory>
			</Mesh>

			<Renderer>
				<Texture>
					<Diffuse>Platform</Diffuse>
					<Use>true</Use>
				</Texture>
			</Renderer>

			<BoxCollider></BoxCollider>

			<RigidBody>
				<Kinematic>true</Kinematic>
			</RigidBody>
		</Component>
	</Entity>
	
	<Entity>
		<Name>Box8</Name>
		<Component>
			<Transform>
				<Position>310 25 60</Position>
				<Scale>25 50 25</Scale>
			</Transform>

			<Mesh>
				<Directory>Cube</Directory>
			</Mesh>

			<Renderer>
				<Texture>
					<Diffuse>Platform</Diffuse>
					<Use>true</Use>
				</Texture>
			</Renderer>

			<BoxCollider></BoxCollider>

			<RigidBody>
				<Kinematic>true</Kinematic>
			</RigidBody>
		</Component>
	</Entity>
	
	<Entity>
		<Name>Box9</Name>
		<Component>
			<Transform>
				<Position>280 30 60</Position>
				<Scale>25 10 25</Scale>
			</Transform>

			<Mesh>
				<Directory>Cube</Directory>
			</Mesh>

			<Renderer>
				<Texture>
					<Diffuse>Platform</Diffuse>
					<Use>true</Use>
				</Texture>
			</Renderer>

			<BoxCollider></BoxCollider>

			<RigidBody>
				<Kinematic>true</Kinematic>
			</RigidBody>
			
			<AI>
				<MovementBehaviour>Patrol</MovementBehaviour>
				<DetectionBehaviour>None</DetectionBehaviour>
        <MotionBehaviour>Position</MotionBehaviour>
				<MoveSpeed>0.3</MoveSpeed>
				<DetectionRange>50</DetectionRange>
				
				<PatrolPath>
					<Node>280 30 60</Node>
					<Node>210 60 115</Node>
				</PatrolPath>
				
				<disableRotate>true</disableRotate>
			</AI>
		</Component>
	</Entity>
	
	<Entity>
		<Name>Box10</Name>
		<Component>
			<Transform>
				<Position>200 35 160</Position>
				<Scale>60 70 60</Scale>
			</Transform>

			<Mesh>
				<Directory>Cube</Directory>
			</Mesh>

			<Renderer>
				<Texture>
					<Diffuse>Platform</Diffuse>
					<Use>true</Use>
				</Texture>
			</Renderer>

			<BoxCollider></BoxCollider>

			<RigidBody>
				<Kinematic>true</Kinematic>
			</RigidBody>
		</Component>
	</Entity>
	
	<Entity>
		<Name>Box11</Name>
		<Component>
			<Transform>
				<Position>200 70 230</Position>
				<Scale>40 20 50</Scale>
			</Transform>

			<Mesh>
				<Directory>Cube</Directory>
			</Mesh>

			<Renderer>
				<Texture>
					<Diffuse>Platform</Diffuse>
					<Use>true</Use>
				</Texture>
			</Renderer>

			<BoxCollider></BoxCollider>

			<RigidBody>
				<Kinematic>true</Kinematic>
			</RigidBody>
		</Component>
	</Entity>
	
	<Entity>
		<Name>Box12</Name>
		<Component>
			<Transform>
				<Position>200 80 300</Position>
				<Scale>40 20 50</Scale>
			</Transform>

			<Mesh>
				<Directory>Cube</Directory>
			</Mesh>

			<Renderer>
				<Texture>
					<Diffuse>Platform</Diffuse>
					<Use>true</Use>
				</Texture>
			</Renderer>

			<BoxCollider></BoxCollider>

			<RigidBody>
				<Kinematic>true</Kinematic>
			</RigidBody>
		</Component>
	</Entity>
	
	<Entity>
		<Name>Box12</Name>
		<Component>
			<Transform>
				<Position>200 90 365</Position>
				<Scale>40 20 50</Scale>
			</Transform>

			<Mesh>
				<Directory>Cube</Directory>
			</Mesh>

			<Renderer>
				<Texture>
					<Diffuse>Platform</Diffuse>
					<Use>true</Use>
				</Texture>
			</Renderer>

			<BoxCollider></BoxCollider>

			<RigidBody>
				<Kinematic>true</Kinematic>
			</RigidBody>
		</Component>
	</Entity>
	
	<Entity>
		<Name>Box13</Name>
		<Component>
			<Transform>
				<Position>320 10 610</Position>
				<Scale>300 20 500</Scale>
			</Transform>

			<Mesh>
				<Directory>Cube</Directory>
			</Mesh>

			<Renderer>
				<Texture>
					<Diffuse>Platform</Diffuse>
					<Use>true</Use>
				</Texture>
			</Renderer>

			<BoxCollider></BoxCollider>

			<RigidBody>
				<Kinematic>true</Kinematic>
			</RigidBody>
		</Component>
	</Entity>
	
	<Entity>
		<Name>Box14</Name>
		<Component>
			<Transform>
				<Position>422 25 425</Position>
				<Scale>20 10 20</Scale>
			</Transform>

			<Mesh>
				<Directory>Cube</Directory>
			</Mesh>

			<Renderer>
				<Texture>
					<Diffuse>Platform</Diffuse>
					<Use>true</Use>
				</Texture>
			</Renderer>

			<BoxCollider></BoxCollider>

			<RigidBody>
				<Kinematic>true</Kinematic>
			</RigidBody>
		</Component>
	</Entity>
	
	<Entity>
		<Name>Box15</Name>
		<Component>
			<Transform>
				<Position>442 35 425</Position>
				<Scale>20 10 20</Scale>
			</Transform>

			<Mesh>
				<Directory>Cube</Directory>
			</Mesh>

			<Renderer>
				<Texture>
					<Diffuse>Platform</Diffuse>
					<Use>true</Use>
				</Texture>
			</Renderer>

			<BoxCollider></BoxCollider>

			<RigidBody>
				<Kinematic>true</Kinematic>
			</RigidBody>
		</Component>
	</Entity>
	
	<Entity>
		<Name>Box16</Name>
		<Component>
			<Transform>
				<Position>442 45 445</Position>
				<Scale>20 10 20</Scale>
			</Transform>

			<Mesh>
				<Directory>Cube</Directory>
			</Mesh>

			<Renderer>
				<Texture>
					<Diffuse>Platform</Diffuse>
					<Use>true</Use>
				</Texture>
			</Renderer>

			<BoxCollider></BoxCollider>

			<RigidBody>
				<Kinematic>true</Kinematic>
			</RigidBody>
		</Component>
	</Entity>
	
	<Entity>
		<Name>Box17</Name>
		<Component>
			<Transform>
				<Position>320 30 480</Position>
				<Scale>300 20 40</Scale>
			</Transform>

			<Mesh>
				<Directory>Cube</Directory>
			</Mesh>

			<Renderer>
				<Texture>
					<Diffuse>Platform</Diffuse>
					<Use>true</Use>
				</Texture>
			</Renderer>

			<BoxCollider></BoxCollider>

			<RigidBody>
				<Kinematic>true</Kinematic>
			</RigidBody>
		</Component>
	</Entity>
	
	<Entity>
		<Name>Box18</Name>
		<Component>
			<Transform>
				<Position>222 25 580</Position>
				<Scale>20 10 20</Scale>
			</Transform>

			<Mesh>
				<Directory>Cube</Directory>
			</Mesh>

			<Renderer>
				<Texture>
					<Diffuse>Platform</Diffuse>
					<Use>true</Use>
				</Texture>
			</Renderer>

			<BoxCollider></BoxCollider>

			<RigidBody>
				<Kinematic>true</Kinematic>
			</RigidBody>
		</Component>
	</Entity>
	
	<Entity>
		<Name>Box19</Name>
		<Component>
			<Transform>
				<Position>200 35 580</Position>
				<Scale>20 10 20</Scale>
			</Transform>

			<Mesh>
				<Directory>Cube</Directory>
			</Mesh>

			<Renderer>
				<Texture>
					<Diffuse>Platform</Diffuse>
					<Use>true</Use>
				</Texture>
			</Renderer>

			<BoxCollider></BoxCollider>

			<RigidBody>
				<Kinematic>true</Kinematic>
			</RigidBody>
		</Component>
	</Entity>
	
	<Entity>
		<Name>Box20</Name>
		<Component>
			<Transform>
				<Position>200 45 600</Position>
				<Scale>20 10 20</Scale>
			</Transform>

			<Mesh>
				<Directory>Cube</Directory>
			</Mesh>

			<Renderer>
				<Texture>
					<Diffuse>Platform</Diffuse>
					<Use>true</Use>
				</Texture>
			</Renderer>

			<BoxCollider></BoxCollider>

			<RigidBody>
				<Kinematic>true</Kinematic>
			</RigidBody>
		</Component>
	</Entity>
	
	<Entity>
		<Name>Box21</Name>
		<Component>
			<Transform>
				<Position>320 30 630</Position>
				<Scale>300 20 40</Scale>
			</Transform>

			<Mesh>
				<Directory>Cube</Directory>
			</Mesh>

			<Renderer>
				<Texture>
					<Diffuse>Platform</Diffuse>
					<Use>true</Use>
				</Texture>
			</Renderer>

			<BoxCollider></BoxCollider>

			<RigidBody>
				<Kinematic>true</Kinematic>
			</RigidBody>
		</Component>
	</Entity>
	
	<Entity>
		<Name>Box22</Name>
		<Component>
			<Transform>
				<Position>326 25 765</Position>
				<Scale>20 10 20</Scale>
			</Transform>

			<Mesh>
				<Directory>Cube</Directory>
			</Mesh>

			<Renderer>
				<Texture>
					<Diffuse>Platform</Diffuse>
					<Use>true</Use>
				</Texture>
			</Renderer>

			<BoxCollider></BoxCollider>

			<RigidBody>
				<Kinematic>true</Kinematic>
			</RigidBody>
		</Component>
	</Entity>
	
	<Entity>
		<Name>Box23</Name>
		<Component>
			<Transform>
				<Position>326 35 785</Position>
				<Scale>20 10 20</Scale>
			</Transform>

			<Mesh>
				<Directory>Cube</Directory>
			</Mesh>

			<Renderer>
				<Texture>
					<Diffuse>Platform</Diffuse>
					<Use>true</Use>
				</Texture>
			</Renderer>

			<BoxCollider></BoxCollider>

			<RigidBody>
				<Kinematic>true</Kinematic>
			</RigidBody>
		</Component>
	</Entity>
	
	<Entity>
		<Name>Box24</Name>
		<Component>
			<Transform>
				<Position>326 45 805</Position>
				<Scale>20 10 20</Scale>
			</Transform>

			<Mesh>
				<Directory>Cube</Directory>
			</Mesh>

			<Renderer>
				<Texture>
					<Diffuse>Platform</Diffuse>
					<Use>true</Use>
				</Texture>
			</Renderer>

			<BoxCollider></BoxCollider>

			<RigidBody>
				<Kinematic>true</Kinematic>
			</RigidBody>
		</Component>
	</Entity>
	
	<Entity>
		<Name>Box25</Name>
		<Component>
			<Transform>
				<Position>326 55 825</Position>
				<Scale>20 10 20</Scale>
			</Transform>

			<Mesh>
				<Directory>Cube</Directory>
			</Mesh>

			<Renderer>
				<Texture>
					<Diffuse>Platform</Diffuse>
					<Use>true</Use>
				</Texture>
			</Renderer>

			<BoxCollider></BoxCollider>

			<RigidBody>
				<Kinematic>true</Kinematic>
			</RigidBody>
		</Component>
	</Entity>
	
	<Entity>
		<Name>Box26</Name>
		<Component>
			<Transform>
				<Position>326 65 845</Position>
				<Scale>20 10 20</Scale>
			</Transform>

			<Mesh>
				<Directory>Cube</Directory>
			</Mesh>

			<Renderer>
				<Texture>
					<Diffuse>Platform</Diffuse>
					<Use>true</Use>
				</Texture>
			</Renderer>

			<BoxCollider></BoxCollider>

			<RigidBody>
				<Kinematic>true</Kinematic>
			</RigidBody>
		</Component>
	</Entity>
	
	<Entity>
		<Name>Box27</Name>
		<Component>
			<Transform>
				<Position>346 75 845</Position>
				<Scale>20 10 20</Scale>
			</Transform>

			<Mesh>
				<Directory>Cube</Directory>
			</Mesh>

			<Renderer>
				<Texture>
					<Diffuse>Platform</Diffuse>
					<Use>true</Use>
				</Texture>
			</Renderer>

			<BoxCollider></BoxCollider>

			<RigidBody>
				<Kinematic>true</Kinematic>
			</RigidBody>
		</Component>
	</Entity>
	
	<Entity>
		<Name>Box28</Name>
		<Component>
			<Transform>
				<Position>366 85 845</Position>
				<Scale>20 10 20</Scale>
			</Transform>

			<Mesh>
				<Directory>Cube</Directory>
			</Mesh>

			<Renderer>
				<Texture>
					<Diffuse>Platform</Diffuse>
					<Use>true</Use>
				</Texture>
			</Renderer>

			<BoxCollider></BoxCollider>

			<RigidBody>
				<Kinematic>true</Kinematic>
			</RigidBody>
		</Component>
	</Entity>
	
	<Entity>
		<Name>Box29</Name>
		<Component>
			<Transform>
				<Position>386 95 845</Position>
				<Scale>20 10 20</Scale>
			</Transform>

			<Mesh>
				<Directory>Cube</Directory>
			</Mesh>

			<Renderer>
				<Texture>
					<Diffuse>Platform</Diffuse>
					<Use>true</Use>
				</Texture>
			</Renderer>

			<BoxCollider></BoxCollider>

			<RigidBody>
				<Kinematic>true</Kinematic>
			</RigidBody>
		</Component>
	</Entity>
	
	<Entity>
		<Name>Box30</Name>
		<Component>
			<Transform>
				<Position>406 105 845</Position>
				<Scale>20 10 20</Scale>
			</Transform>

			<Mesh>
				<Directory>Cube</Directory>
			</Mesh>

			<Renderer>
				<Texture>
					<Diffuse>Platform</Diffuse>
					<Use>true</Use>
				</Texture>
			</Renderer>

			<BoxCollider></BoxCollider>

			<RigidBody>
				<Kinematic>true</Kinematic>
			</RigidBody>
		</Component>
	</Entity>
	
	<Entity>
		<Name>Box31</Name>
		<Component>
			<Transform>
				<Position>406 115 825</Position>
				<Scale>20 10 20</Scale>
			</Transform>

			<Mesh>
				<Directory>Cube</Directory>
			</Mesh>

			<Renderer>
				<Texture>
					<Diffuse>Platform</Diffuse>
					<Use>true</Use>
				</Texture>
			</Renderer>

			<BoxCollider></BoxCollider>

			<RigidBody>
				<Kinematic>true</Kinematic>
			</RigidBody>
		</Component>
	</Entity>
	
	<Entity>
		<Name>Box32</Name>
		<Component>
			<Transform>
				<Position>406 125 805</Position>
				<Scale>20 10 20</Scale>
			</Transform>

			<Mesh>
				<Directory>Cube</Directory>
			</Mesh>

			<Renderer>
				<Texture>
					<Diffuse>Platform</Diffuse>
					<Use>true</Use>
				</Texture>
			</Renderer>

			<BoxCollider></BoxCollider>

			<RigidBody>
				<Kinematic>true</Kinematic>
			</RigidBody>
		</Component>
	</Entity>
	
	<Entity>
		<Name>Box33</Name>
		<Component>
			<Transform>
				<Position>366 80 800</Position>
				<Scale>50 120 50</Scale>
			</Transform>

			<Mesh>
				<Directory>Cube</Directory>
			</Mesh>

			<Renderer>
				<Texture>
					<Diffuse>Platform</Diffuse>
					<Use>true</Use>
				</Texture>
			</Renderer>

			<BoxCollider></BoxCollider>

			<RigidBody>
				<Kinematic>true</Kinematic>
			</RigidBody>
		</Component>
	</Entity>
	
	<Entity>
		<Name>Box34</Name>
		<Component>
			<Transform>
				<Position>245 140 800</Position>
				<Scale>195 20 40</Scale>
			</Transform>

			<Mesh>
				<Directory>Cube</Directory>
			</Mesh>

			<Renderer>
				<Texture>
					<Diffuse>Platform</Diffuse>
					<Use>true</Use>
				</Texture>
			</Renderer>

			<BoxCollider></BoxCollider>

			<RigidBody>
				<Kinematic>true</Kinematic>
			</RigidBody>
		</Component>
	</Entity>
	
	<Entity>
		<Name>Box35</Name>
		<Component>
			<Transform>
				<Position>115 140 750</Position>
				<Scale>40 20 40</Scale>
			</Transform>

			<Mesh>
				<Directory>Cube</Directory>
			</Mesh>

			<Renderer>
				<Texture>
					<Diffuse>Platform</Diffuse>
					<Use>true</Use>
				</Texture>
			</Renderer>

			<BoxCollider></BoxCollider>

			<RigidBody>
				<Kinematic>true</Kinematic>
			</RigidBody>
			
			<AI>
				<MovementBehaviour>Patrol</MovementBehaviour>
				<DetectionBehaviour>None</DetectionBehaviour>
        <MotionBehaviour>Position</MotionBehaviour>
				<MoveSpeed>0.3</MoveSpeed>
				<DetectionRange>50</DetectionRange>
				
				<PatrolPath>
					<Node>115 140 750</Node>
					<Node>115 140 850</Node>
				</PatrolPath>
				
				<disableRotate>true</disableRotate>
			</AI>
		</Component>
	</Entity>
	
	<Entity>
		<Name>Box36</Name>
		<Component>
			<Transform>
				<Position>55 140 850</Position>
				<Scale>40 20 40</Scale>
			</Transform>

			<Mesh>
				<Directory>Cube</Directory>
			</Mesh>

			<Renderer>
				<Texture>
					<Diffuse>Platform</Diffuse>
					<Use>true</Use>
				</Texture>
			</Renderer>

			<BoxCollider></BoxCollider>

			<RigidBody>
				<Kinematic>true</Kinematic>
			</RigidBody>
			
			<AI>
				<MovementBehaviour>Patrol</MovementBehaviour>
				<DetectionBehaviour>None</DetectionBehaviour>
        <MotionBehaviour>Velocity</MotionBehaviour>
				<MoveSpeed>20.0</MoveSpeed>
				<DetectionRange>50</DetectionRange>
				
				<PatrolPath>
					<Node>55 140 650</Node>
					<Node>55 140 750</Node>
				</PatrolPath>
				
				<disableRotate>true</disableRotate>
			</AI>
		</Component>
	</Entity>
	
	<Entity>
		<Name>Box37</Name>
		<Component>
			<Transform>
				<Position>5 140 750</Position>
				<Scale>40 20 40</Scale>
			</Transform>

			<Mesh>
				<Directory>Cube</Directory>
			</Mesh>

			<Renderer>
				<Texture>
					<Diffuse>Platform</Diffuse>
					<Use>true</Use>
				</Texture>
			</Renderer>

			<BoxCollider></BoxCollider>

			<RigidBody>
				<Kinematic>true</Kinematic>
			</RigidBody>
			
			<AI>
				<MovementBehaviour>Patrol</MovementBehaviour>
				<DetectionBehaviour>None</DetectionBehaviour>
        <MotionBehaviour>Acceleration</MotionBehaviour>
				<MoveSpeed>0.1</MoveSpeed>
        <MoveSpeedLimit>15.0</MoveSpeedLimit>
				<DetectionRange>50</DetectionRange>
				
				<PatrolPath>
					<Node>5 140 750</Node>
					<Node>5 140 850</Node>
				</PatrolPath>
				
				<disableRotate>true</disableRotate>
			</AI>
		</Component>
	</Entity>
	
	<Entity>
		<Name>Box38</Name>
		<Component>
			<Transform>
				<Position>-85 140 800</Position>
				<Scale>100 20 100</Scale>
			</Transform>

			<Mesh>
				<Directory>Cube</Directory>
			</Mesh>

			<Renderer>
				<Texture>
					<Diffuse>Platform</Diffuse>
					<Use>true</Use>
				</Texture>
			</Renderer>

			<BoxCollider></BoxCollider>

			<RigidBody>
				<Kinematic>true</Kinematic>
			</RigidBody>
		</Component>
	</Entity>
	
	<Entity>
		<Name>Box39</Name>
		<Component>
			<Transform>
				<Position>-85 140 470</Position>
				<Scale>85 20 550</Scale>
			</Transform>

			<Mesh>
				<Directory>Cube</Directory>
			</Mesh>

			<Renderer>
				<Texture>
					<Diffuse>Platform</Diffuse>
					<Use>true</Use>
				</Texture>
			</Renderer>

			<BoxCollider></BoxCollider>

			<RigidBody>
				<Kinematic>true</Kinematic>
			</RigidBody>
		</Component>
	</Entity>
	
	<Entity>
		<Name>Box40</Name>
		<Component>
			<Transform>
				<Position>-75 146 80</Position>
				<Scale>200 20 200</Scale>
			</Transform>

			<Mesh>
				<Directory>Cube</Directory>
			</Mesh>

			<Renderer>
				<Texture>
					<Diffuse>Platform</Diffuse>
					<Use>true</Use>
				</Texture>
			</Renderer>

			<BoxCollider></BoxCollider>

			<RigidBody>
				<Kinematic>true</Kinematic>
			</RigidBody>
		</Component>
	</Entity>
	
	<Entity>
		<Name>Box41</Name>
		<Component>
			<Transform>
				<Position>-75 161 80</Position>
				<Scale>170 15 170</Scale>
			</Transform>

			<Mesh>
				<Directory>Cube</Directory>
			</Mesh>

			<Renderer>
				<Texture>
					<Diffuse>Platform</Diffuse>
					<Use>true</Use>
				</Texture>
			</Renderer>

			<BoxCollider></BoxCollider>

			<RigidBody>
				<Kinematic>true</Kinematic>
			</RigidBody>
		</Component>
	</Entity>
	
	<Entity>
		<Name>Box42</Name>
		<Component>
			<Transform>
				<Position>-75 176 80</Position>
				<Scale>140 15 140</Scale>
			</Transform>

			<Mesh>
				<Directory>Cube</Directory>
			</Mesh>

			<Renderer>
				<Texture>
					<Diffuse>Platform</Diffuse>
					<Use>true</Use>
				</Texture>
			</Renderer>

			<BoxCollider></BoxCollider>

			<RigidBody>
				<Kinematic>true</Kinematic>
			</RigidBody>
		</Component>
	</Entity>
	
	<Entity>
		<Name>Box43</Name>
		<Component>
			<Transform>
				<Position>-75 191 80</Position>
				<Scale>110 15 110</Scale>
			</Transform>

			<Mesh>
				<Directory>Cube</Directory>
			</Mesh>

			<Renderer>
				<Texture>
					<Diffuse>Platform</Diffuse>
					<Use>true</Use>
				</Texture>
			</Renderer>

			<BoxCollider></BoxCollider>

			<RigidBody>
				<Kinematic>true</Kinematic>
			</RigidBody>
		</Component>
	</Entity>
	
	<Entity>
		<Name>Box44</Name>
		<Component>
			<Transform>
				<Position>-75 251 80</Position>
				<Scale>20 150 20</Scale>
			</Transform>

			<Mesh>
				<Directory>Cube</Directory>
			</Mesh>

			<Renderer>
				<Texture>
					<Diffuse>Platform</Diffuse>
					<Use>true</Use>
				</Texture>
			</Renderer>

			<BoxCollider></BoxCollider>

			<RigidBody>
				<Kinematic>true</Kinematic>
			</RigidBody>
		</Component>
	</Entity>
	
	<Entity>
		<Name>Box45</Name>
		<Component>
			<Transform>
				<Position>-45 211 65</Position>
				<Scale>10 5 10</Scale>
			</Transform>

			<Mesh>
				<Directory>Cube</Directory>
			</Mesh>

			<Renderer>
				<Texture>
					<Diffuse>Platform</Diffuse>
					<Use>true</Use>
				</Texture>
			</Renderer>

			<BoxCollider></BoxCollider>

			<RigidBody>
				<Kinematic>true</Kinematic>
			</RigidBody>
			
			<AI>
				<MovementBehaviour>Patrol</MovementBehaviour>
				<DetectionBehaviour>None</DetectionBehaviour>
				<MoveSpeed>0.3</MoveSpeed>
				<DetectionRange>50</DetectionRange>
				
				<PatrolPath>
					<Node>-45 211 65</Node>
					<Node>-45 211 105</Node>
					<Node>-95 211 105</Node>
					<Node>-95 211 65</Node>
					<Node>-45 211 65</Node>
				</PatrolPath>
				
				<disableRotate>true</disableRotate>
			</AI>
		</Component>
	</Entity>
	
	<Entity>
		<Name>Box46</Name>
		<Component>
			<Transform>
				<Position>-45 231 65</Position>
				<Scale>10 5 10</Scale>
			</Transform>

			<Mesh>
				<Directory>Cube</Directory>
			</Mesh>

			<Renderer>
				<Texture>
					<Diffuse>Platform</Diffuse>
					<Use>true</Use>
				</Texture>
			</Renderer>

			<BoxCollider></BoxCollider>

			<RigidBody>
				<Kinematic>true</Kinematic>
			</RigidBody>
			
			<AI>
				<MovementBehaviour>Patrol</MovementBehaviour>
				<DetectionBehaviour>None</DetectionBehaviour>
				<MoveSpeed>0.3</MoveSpeed>
				<DetectionRange>50</DetectionRange>
				
				<PatrolPath>
					<Node>-45 231 65</Node>
					<Node>-95 231 65</Node>
					<Node>-95 231 105</Node>
					<Node>-45 231 105</Node>
					<Node>-45 231 65</Node>
				</PatrolPath>
				
				<disableRotate>true</disableRotate>
			</AI>
		</Component>
	</Entity>
	
	<Entity>
		<Name>Box47</Name>
		<Component>
			<Transform>
				<Position>-95 251 65</Position>
				<Scale>10 5 10</Scale>
			</Transform>

			<Mesh>
				<Directory>Cube</Directory>
			</Mesh>

			<Renderer>
				<Texture>
					<Diffuse>Platform</Diffuse>
					<Use>true</Use>
				</Texture>
			</Renderer>

			<BoxCollider></BoxCollider>

			<RigidBody>
				<Kinematic>true</Kinematic>
			</RigidBody>
			
			<AI>
				<MovementBehaviour>Patrol</MovementBehaviour>
				<DetectionBehaviour>None</DetectionBehaviour>
				<MoveSpeed>0.3</MoveSpeed>
				<DetectionRange>50</DetectionRange>
				
				<PatrolPath>
					<Node>-95 251 65</Node>
					<Node>-45 251 65</Node>
					<Node>-45 251 105</Node>
					<Node>-95 251 105</Node>
					<Node>-95 251 65</Node>
				</PatrolPath>
				
				<disableRotate>true</disableRotate>
			</AI>
		</Component>
	</Entity>
	
	<Entity>
		<Name>Box48</Name>
		<Component>
			<Transform>
				<Position>-95 271 105</Position>
				<Scale>10 5 10</Scale>
			</Transform>

			<Mesh>
				<Directory>Cube</Directory>
			</Mesh>

			<Renderer>
				<Texture>
					<Diffuse>Platform</Diffuse>
					<Use>true</Use>
				</Texture>
			</Renderer>

			<BoxCollider></BoxCollider>

			<RigidBody>
				<Kinematic>true</Kinematic>
			</RigidBody>
			
			<AI>
				<MovementBehaviour>Patrol</MovementBehaviour>
				<DetectionBehaviour>None</DetectionBehaviour>
				<MoveSpeed>0.3</MoveSpeed>
				<DetectionRange>50</DetectionRange>
				
				<PatrolPath>
					<Node>-95 271 105</Node>
					<Node>-45 271 105</Node>
					<Node>-45 271 65</Node>
					<Node>-95 271 65</Node>
					<Node>-95 271 105</Node>
				</PatrolPath>
				
				<disableRotate>true</disableRotate>
			</AI>
		</Component>
	</Entity>
	<!--
	<Entity>
		<Name>Box39</Name>
		<Component>
			<Transform>
				<Position>-140 154 550</Position>
				<Scale>20 6 20</Scale>
			</Transform>

			<Mesh>
				<Directory>Cube</Directory>
			</Mesh>

			<Renderer>
				<Texture>
					<Diffuse>Platform</Diffuse>
					<Use>true</Use>
				</Texture>
			</Renderer>

			<BoxCollider></BoxCollider>

			<RigidBody>
				<Kinematic>true</Kinematic>
			</RigidBody>
			
			<AI>
				<MovementBehaviour>Patrol</MovementBehaviour>
				<DetectionBehaviour>None</DetectionBehaviour>
        <MotionBehaviour>Position</MotionBehaviour>
				<MoveSpeed>0.3</MoveSpeed>
				<DetectionRange>50</DetectionRange>
				
				<PatrolPath>
					<Node>-140 154 550</Node>
					<Node>-180 154 450</Node>
					<Node>-220 154 500</Node>
					<Node>-140 154 550</Node>
				</PatrolPath>
				
				<disableRotate>true</disableRotate>
			</AI>
		</Component>
	</Entity>
	
	<Entity>
		<Name>Box40</Name>
		<Component>
			<Transform>
				<Position>-290 154 550</Position>
				<Scale>20 6 20</Scale>
			</Transform>

			<Mesh>
				<Directory>Cube</Directory>
			</Mesh>

			<Renderer>
				<Texture>
					<Diffuse>Platform</Diffuse>
					<Use>true</Use>
				</Texture>
			</Renderer>

			<BoxCollider></BoxCollider>

			<RigidBody>
				<Kinematic>true</Kinematic>
			</RigidBody>
			
			<AI>
				<MovementBehaviour>Patrol</MovementBehaviour>
        <DetectionBehaviour>None</DetectionBehaviour>
        <MotionBehaviour>Position</MotionBehaviour>
				<MoveSpeed>0.3</MoveSpeed>
				<DetectionRange>50</DetectionRange>
				
				<PatrolPath>
					<Node>-290 154 550</Node>
					<Node>-370 154 500</Node>
					<Node>-330 154 450</Node>
					<Node>-290 154 550</Node>
				</PatrolPath>
				
				<disableRotate>true</disableRotate>
			</AI>
		</Component>
	</Entity>
	
	<Entity>
		<Name>Box41</Name>
		<Component>
			<Transform>
				<Position>-330 154 500</Position>
				<Scale>20 6 20</Scale>
			</Transform>

			<Mesh>
				<Directory>Cube</Directory>
			</Mesh>

			<Renderer>
				<Texture>
					<Diffuse>Platform</Diffuse>
					<Use>true</Use>
				</Texture>
			</Renderer>

			<BoxCollider></BoxCollider>

			<RigidBody>
				<Kinematic>true</Kinematic>
			</RigidBody>
			
			<AI>
				<MovementBehaviour>Patrol</MovementBehaviour>
				<DetectionBehaviour>None</DetectionBehaviour>
				<MoveSpeed>0.3</MoveSpeed>
				<DetectionRange>50</DetectionRange>
				
				<PatrolPath>
					<Node>-330 154 500</Node>
					<Node>-330 54 550</Node>
					<Node>-330 154 600</Node>
					<Node>-330 254 500</Node>
					<Node>-330 154 500</Node>
				</PatrolPath>
				
				<disableRotate>true</disableRotate>
			</AI>
		</Component>
	</Entity>
	-->
</Scene>